ExternalPointID,Tags,Parent Equipment Name,Site Name,FrequencyUnit,Time,Timezone,OnCount,OffCount,Average,Minimum,Maximum,Sum,State
FLG-NAUC-N_landtotalelecdemand_V2,"","North Campus",Gammage,"kW", 09/30/2024 05:00:00 PM,"(UTC-07:00) Arizona",,,14247.561562195237,8065.826134028,32815.406592693995,
FLG-NAUC-N_landtotalelecdemand_V2,"","North Campus",Gammage,"kW", 10/01/2024 05:00:00 AM,"(UTC-07:00) Arizona",,,8319.113525036842,4103.836665049179,21474.7871402992,
FLG-NAUC-N_landtotalelecdemand_V2,"","North Campus",Gammage,"kW", 10/01/2024 05:00:00 PM,"(UTC-07:00) Arizona",,,3252.361261023912,2614.193214665001,4513.833989078002,
FLG-NAUC-N_landtotalelecdemand_V2,"","North Campus",Gammage,"kW", 10/02/2024 05:00:00 AM,"(UTC-07:00) Arizona",,,4074.3346001547498,2708.366903957501,4721.0677189450025,
FLG-NAUC-N_landtotalelecdemand_V2,"","North Campus",Gammage,"kW", 10/02/2024 05:00:00 PM,"(UTC-07:00) Arizona",,,3287.988032175916,2582.5019685690004,4441.714768404,
FLG-NAUC-N_landtotalelecdemand_V2,"","North Campus",Gammage,"kW", 10/03/2024 05:00:00 AM,"(UTC-07:00) Arizona",,,16116.634911521325,2709.9368040229992,34933.810308187,
FLG-NAUC-N_landtotalelecdemand_V2,"","North Campus",Gammage,"kW", 10/03/2024 05:00:00 PM,"(UTC-07:00) Arizona",,,15130.617643431176,7891.586788849005,33491.64562164801,
FLG-NAUC-N_landtotalelecdemand_V2,"","North Campus",Gammage,"kW", 10/04/2024 05:00:00 AM,"(UTC-07:00) Arizona",,,26351.76405415622,14397.039418939004,33515.60848995299,
FLG-NAUC-N_landtotalelecdemand_V2,"","North Campus",Gammage,"kW", 10/04/2024 05:00:00 PM,"(UTC-07:00) Arizona",,,9140.379472840512,8056.972553214,14045.41691397,
FLG-NAUC-N_landtotalelecdemand_V2,"","North Campus",Gammage,"kW", 10/05/2024 05:00:00 AM,"(UTC-07:00) Arizona",,,8739.138557334652,7016.015218125098,12671.040224486012,
FLG-NAUC-N_landtotalelecdemand_V2,"","North Campus",Gammage,"kW", 10/05/2024 05:00:00 PM,"(UTC-07:00) Arizona",,,9297.03618863332,7677.2322090525,14018.816049677003,
FLG-NAUC-N_landtotalelecdemand_V2,"","North Campus",Gammage,"kW", 10/06/2024 05:00:00 AM,"(UTC-07:00) Arizona",,,8630.601195576142,6926.226018189198,12483.74406499719,
FLG-NAUC-N_landtotalelecdemand_V2,"","North Campus",Gammage,"kW", 10/06/2024 05:00:00 PM,"(UTC-07:00) Arizona",,,9653.826153650665,7580.4938905958,17805.755252772015,
FLG-NAUC-N_landtotalelecdemand_V2,"","North Campus",Gammage,"kW", 10/07/2024 05:00:00 AM,"(UTC-07:00) Arizona",,,26879.253545648407,15848.697939061,34721.97226139599,
FLG-NAUC-N_landtotalelecdemand_V2,"","North Campus",Gammage,"kW", 10/07/2024 05:00:00 PM,"(UTC-07:00) Arizona",,,14663.473596998829,8136.552438253999,31887.188578417015,
FLG-NAUC-N_landtotalelecdemand_V2,"","North Campus",Gammage,"kW", 10/08/2024 05:00:00 AM,"(UTC-07:00) Arizona",,,24756.989205084326,11205.103004581011,33186.18404557603,
FLG-NAUC-N_landtotalelecdemand_V2,"","North Campus",Gammage,"kW", 10/08/2024 05:00:00 PM,"(UTC-07:00) Arizona",,,15004.365958385899,8504.338720024001,36959.596687885976,
FLG-NAUC-N_landtotalelecdemand_V2,"","North Campus",Gammage,"kW", 10/09/2024 05:00:00 AM,"(UTC-07:00) Arizona",,,18652.482667578268,9461.247228358496,31357.734285193997,
FLG-NAUC-N_landtotalelecdemand_V2,"","North Campus",Gammage,"kW", 10/09/2024 05:00:00 PM,"(UTC-07:00) Arizona",,,11024.223071931367,8643.899746610494,31663.854483109997,
FLG-NAUC-N_landtotalelecdemand_V2,"","North Campus",Gammage,"kW", 10/10/2024 05:00:00 AM,"(UTC-07:00) Arizona",,,24239.80246610985,4388.733692582399,34280.865143280025,
FLG-NAUC-N_landtotalelecdemand_V2,"","North Campus",Gammage,"kW", 10/10/2024 05:00:00 PM,"(UTC-07:00) Arizona",,,14070.089766635834,8294.984737596,32888.41531685201,
FLG-NAUC-N_landtotalelecdemand_V2,"","North Campus",Gammage,"kW", 10/11/2024 05:00:00 AM,"(UTC-07:00) Arizona",,,25971.12852223311,11130.087819674009,35328.51457982,
FLG-NAUC-N_landtotalelecdemand_V2,"","North Campus",Gammage,"kW", 10/11/2024 05:00:00 PM,"(UTC-07:00) Arizona",,,10242.595768857682,8257.149356914004,15496.0620169183,
FLG-NAUC-N_landtotalelecdemand_V2,"","North Campus",Gammage,"kW", 10/12/2024 05:00:00 AM,"(UTC-07:00) Arizona",,,8645.854405720262,7171.03314363,13575.320315983,
FLG-NAUC-N_landtotalelecdemand_V2,"","North Campus",Gammage,"kW", 10/12/2024 05:00:00 PM,"(UTC-07:00) Arizona",,,9621.321206474911,7878.821077007,14606.770535502,
FLG-NAUC-N_landtotalelecdemand_V2,"","North Campus",Gammage,"kW", 10/13/2024 05:00:00 AM,"(UTC-07:00) Arizona",,,8569.72100231578,6928.188794357999,13049.249666569003,
FLG-NAUC-N_landtotalelecdemand_V2,"","North Campus",Gammage,"kW", 10/13/2024 05:00:00 PM,"(UTC-07:00) Arizona",,,9891.714742901298,8048.339462432496,18162.527005985008,
FLG-NAUC-N_landtotalelecdemand_V2,"","North Campus",Gammage,"kW", 10/14/2024 05:00:00 AM,"(UTC-07:00) Arizona",,,24861.740289802932,8663.9760099057,35087.648328611,
FLG-NAUC-N_landtotalelecdemand_V2,"","North Campus",Gammage,"kW", 10/14/2024 05:00:00 PM,"(UTC-07:00) Arizona",,,15827.593601165692,8512.786836726005,34760.22320811802,
FLG-NAUC-N_landtotalelecdemand_V2,"","North Campus",Gammage,"kW", 10/15/2024 05:00:00 AM,"(UTC-07:00) Arizona",,,25383.678272704306,11137.667747665007,36825.790769392624,
FLG-NAUC-N_landtotalelecdemand_V2,"","North Campus",Gammage,"kW", 10/15/2024 05:00:00 PM,"(UTC-07:00) Arizona",,,14254.3296401329,8491.696658009003,32412.076500267984,
FLG-NAUC-N_landtotalelecdemand_V2,"","North Campus",Gammage,"kW", 10/16/2024 05:00:00 AM,"(UTC-07:00) Arizona",,,26845.43366994432,8251.504022643401,37242.60399353404,
FLG-NAUC-N_landtotalelecdemand_V2,"","North Campus",Gammage,"kW", 10/16/2024 05:00:00 PM,"(UTC-07:00) Arizona",,,14696.631586272317,8185.856941635002,34818.062613013026,
FLG-NAUC-N_landtotalelecdemand_V2,"","North Campus",Gammage,"kW", 10/17/2024 05:00:00 AM,"(UTC-07:00) Arizona",,,26552.28737244343,12278.826743147,34947.66768166543,
FLG-NAUC-N_landtotalelecdemand_V2,"","North Campus",Gammage,"kW", 10/17/2024 05:00:00 PM,"(UTC-07:00) Arizona",,,16038.290159366436,8517.430010204998,34399.84158445402,
FLG-NAUC-N_landtotalelecdemand_V2,"","North Campus",Gammage,"kW", 10/18/2024 05:00:00 AM,"(UTC-07:00) Arizona",,,26173.408890527156,9403.310598863509,35419.492725006996,
FLG-NAUC-N_landtotalelecdemand_V2,"","North Campus",Gammage,"kW", 10/18/2024 05:00:00 PM,"(UTC-07:00) Arizona",,,10420.943272509474,8093.555944077498,21069.00786146701,
FLG-NAUC-N_landtotalelecdemand_V2,"","North Campus",Gammage,"kW", 10/19/2024 05:00:00 AM,"(UTC-07:00) Arizona",,,9250.179342182995,7928.6284799464,13874.554147576006,
FLG-NAUC-N_landtotalelecdemand_V2,"","North Campus",Gammage,"kW", 10/19/2024 05:00:00 PM,"(UTC-07:00) Arizona",,,10599.581118679904,9113.2811605628,14349.578621767005,
FLG-NAUC-N_landtotalelecdemand_V2,"","North Campus",Gammage,"kW", 10/20/2024 05:00:00 AM,"(UTC-07:00) Arizona",,,9437.95973387312,7926.883941731,14072.131803560298,
FLG-NAUC-N_landtotalelecdemand_V2,"","North Campus",Gammage,"kW", 10/20/2024 05:00:00 PM,"(UTC-07:00) Arizona",,,11326.022311384202,9195.678173996002,20017.513551549,
FLG-NAUC-N_landtotalelecdemand_V2,"","North Campus",Gammage,"kW", 10/21/2024 05:00:00 AM,"(UTC-07:00) Arizona",,,29253.332685346024,16728.307992539,36631.05431906952,
FLG-NAUC-N_landtotalelecdemand_V2,"","North Campus",Gammage,"kW", 10/21/2024 05:00:00 PM,"(UTC-07:00) Arizona",,,15580.212496444434,8536.618114446495,36452.57544069599,
FLG-NAUC-N_landtotalelecdemand_V2,"","North Campus",Gammage,"kW", 10/22/2024 05:00:00 AM,"(UTC-07:00) Arizona",,,28245.677953341943,15031.041100517,38426.28100899203,
FLG-NAUC-N_landtotalelecdemand_V2,"","North Campus",Gammage,"kW", 10/22/2024 05:00:00 PM,"(UTC-07:00) Arizona",,,16022.753852018786,8781.943017650003,35784.838907884005,
FLG-NAUC-N_landtotalelecdemand_V2,"","North Campus",Gammage,"kW", 10/23/2024 05:00:00 AM,"(UTC-07:00) Arizona",,,28348.183427027645,14608.657726011998,39329.412996360006,
FLG-NAUC-N_landtotalelecdemand_V2,"","North Campus",Gammage,"kW", 10/23/2024 05:00:00 PM,"(UTC-07:00) Arizona",,,17990.503713960905,9211.963781177,40844.51040359805,
FLG-NAUC-N_landtotalelecdemand_V2,"","North Campus",Gammage,"kW", 10/24/2024 05:00:00 AM,"(UTC-07:00) Arizona",,,24471.19762570744,4484.212288671,39597.36164799153,
FLG-NAUC-N_landtotalelecdemand_V2,"","North Campus",Gammage,"kW", 10/24/2024 05:00:00 PM,"(UTC-07:00) Arizona",,,3152.214905069181,2770.210430535501,4213.409949556999,
FLG-NAUC-N_landtotalelecdemand_V2,"","North Campus",Gammage,"kW", 10/25/2024 05:00:00 AM,"(UTC-07:00) Arizona",,,4229.713851495282,2953.8493411119985,4681.820299247001,
FLG-NAUC-N_landtotalelecdemand_V2,"","North Campus",Gammage,"kW", 10/25/2024 05:00:00 PM,"(UTC-07:00) Arizona",,,3239.460636537262,2694.5978191339987,4048.2892338760025,
FLG-NAUC-N_landtotalelecdemand_V2,"","North Campus",Gammage,"kW", 10/26/2024 05:00:00 AM,"(UTC-07:00) Arizona",,,3419.7690826157104,2837.6280116629996,3912.7347157509985,
FLG-NAUC-N_landtotalelecdemand_V2,"","North Campus",Gammage,"kW", 10/26/2024 05:00:00 PM,"(UTC-07:00) Arizona",,,3333.967466230843,2796.227909024,4008.755869836001,
FLG-NAUC-N_landtotalelecdemand_V2,"","North Campus",Gammage,"kW", 10/27/2024 05:00:00 AM,"(UTC-07:00) Arizona",,,3392.559066689647,2869.1911303370007,3943.642426865,
FLG-NAUC-N_landtotalelecdemand_V2,"","North Campus",Gammage,"kW", 10/27/2024 05:00:00 PM,"(UTC-07:00) Arizona",,,3284.0217630773227,2845.621233145,3894.423352848999,
FLG-NAUC-N_landtotalelecdemand_V2,"","North Campus",Gammage,"kW", 10/28/2024 05:00:00 AM,"(UTC-07:00) Arizona",,,4271.950991226793,3026.888601888997,4952.079550861,
FLG-NAUC-N_landtotalelecdemand_V2,"","North Campus",Gammage,"kW", 10/28/2024 05:00:00 PM,"(UTC-07:00) Arizona",,,3606.780414649247,2846.6259245420006,4724.131020296,
FLG-NAUC-N_landtotalelecdemand_V2,"","North Campus",Gammage,"kW", 10/29/2024 05:00:00 AM,"(UTC-07:00) Arizona",,,4823.284976034485,4401.646613091002,5067.978063514,
FLG-NAUC-N_landtotalelecdemand_V2,"","North Campus",Gammage,"kW", 10/29/2024 05:00:00 PM,"(UTC-07:00) Arizona",,,3449.1951039493943,2842.7747630059994,4731.197423346999,
FLG-NAUC-N_landtotalelecdemand_V2,"","North Campus",Gammage,"kW", 10/30/2024 05:00:00 AM,"(UTC-07:00) Arizona",,,4406.944252946456,3057.5436933315004,4844.6073458313995,
FLG-NAUC-N_landtotalelecdemand_V2,"","North Campus",Gammage,"kW", 10/30/2024 05:00:00 PM,"(UTC-07:00) Arizona",,,3271.7825169661605,2812.49057515,4476.0259309230005,
FLG-NAUC-N_landtotalelecdemand_V2,"","North Campus",Gammage,"kW", 10/31/2024 05:00:00 AM,"(UTC-07:00) Arizona",,,4235.903532491503,3036.7511472429974,4881.371372373002,
FLG-NAUC-N_landtotalelecdemand_V2,"","North Campus",Gammage,"kW", 10/31/2024 05:00:00 PM,"(UTC-07:00) Arizona",,,2358.923669574435,1596.9335684035273,4446.076035339002,
FLG-NAUC-N_landtotalelecdemand_V2,"","North Campus",Gammage,"kW", 11/01/2024 05:00:00 AM,"(UTC-07:00) Arizona",,,2999.912311772076,1723.4519738105587,4789.06319306154,
FLG-NAUC-N_landtotalelecdemand_V2,"","North Campus",Gammage,"kW", 11/01/2024 05:00:00 PM,"(UTC-07:00) Arizona",,,2183.2713634274055,1595.5268953382208,4038.4430628799983,
FLG-NAUC-N_landtotalelecdemand_V2,"","North Campus",Gammage,"kW", 11/02/2024 05:00:00 AM,"(UTC-07:00) Arizona",,,2496.7063191447032,1676.99506714089,3739.9360580780008,
FLG-NAUC-N_landtotalelecdemand_V2,"","North Campus",Gammage,"kW", 11/02/2024 05:00:00 PM,"(UTC-07:00) Arizona",,,2299.296537104653,1614.9283210900999,3782.7478434630007,
FLG-NAUC-N_landtotalelecdemand_V2,"","North Campus",Gammage,"kW", 11/03/2024 05:00:00 AM,"(UTC-07:00) Arizona",,,2521.866243976343,1669.8208294072128,3742.3576042349982,
FLG-NAUC-N_landtotalelecdemand_V2,"","North Campus",Gammage,"kW", 11/03/2024 05:00:00 PM,"(UTC-07:00) Arizona",,,2433.5154879434776,1609.3420608426184,3834.0547379994,
FLG-NAUC-N_landtotalelecdemand_V2,"","North Campus",Gammage,"kW", 11/04/2024 05:00:00 AM,"(UTC-07:00) Arizona",,,3007.7004804227845,1753.7284145817955,4927.275867713501,
FLG-NAUC-N_landtotalelecdemand_V2,"","North Campus",Gammage,"kW", 11/04/2024 05:00:00 PM,"(UTC-07:00) Arizona",,,2242.75550397055,1613.2969973239933,4512.550609132003,
FLG-NAUC-N_landtotalelecdemand_V2,"","North Campus",Gammage,"kW", 11/05/2024 05:00:00 AM,"(UTC-07:00) Arizona",,,2947.3043680933506,1729.0621889049612,4858.646991586998,
FLG-NAUC-N_landtotalelecdemand_V2,"","North Campus",Gammage,"kW", 11/05/2024 05:00:00 PM,"(UTC-07:00) Arizona",,,2517.939983823793,1653.574295029862,4646.724045453,
FLG-NAUC-N_landtotalelecdemand_V2,"","North Campus",Gammage,"kW", 11/06/2024 05:00:00 AM,"(UTC-07:00) Arizona",,,3209.1855962644568,1781.9336237274201,5017.580548449999,
FLG-NAUC-N_landtotalelecdemand_V2,"","North Campus",Gammage,"kW", 11/06/2024 05:00:00 PM,"(UTC-07:00) Arizona",,,2668.457594160355,1261.990743325142,4637.833551032998,
FLG-NAUC-N_landtotalelecdemand_V2,"","North Campus",Gammage,"kW", 11/07/2024 05:00:00 AM,"(UTC-07:00) Arizona",,,2978.459698960378,1764.4428572197405,4978.381162822,
FLG-NAUC-N_landtotalelecdemand_V2,"","North Campus",Gammage,"kW", 11/07/2024 05:00:00 PM,"(UTC-07:00) Arizona",,,2430.311013520117,1657.8032645410262,4756.783274604001,
FLG-NAUC-N_landtotalelecdemand_V2,"","North Campus",Gammage,"kW", 11/08/2024 05:00:00 AM,"(UTC-07:00) Arizona",,,3022.101517290052,1782.2979691314408,4874.329704402002,
FLG-NAUC-N_landtotalelecdemand_V2,"","North Campus",Gammage,"kW", 11/08/2024 05:00:00 PM,"(UTC-07:00) Arizona",,,2480.789034712014,1656.1296796137644,4013.8883850359994,
FLG-NAUC-N_landtotalelecdemand_V2,"","North Campus",Gammage,"kW", 11/09/2024 05:00:00 AM,"(UTC-07:00) Arizona",,,2431.935095138157,1693.3527787511164,3704.893225573998,
FLG-NAUC-N_landtotalelecdemand_V2,"","North Campus",Gammage,"kW", 11/09/2024 05:00:00 PM,"(UTC-07:00) Arizona",,,2295.998950765008,1668.734327639558,3715.231273633999,
FLG-NAUC-N_landtotalelecdemand_V2,"","North Campus",Gammage,"kW", 11/10/2024 05:00:00 AM,"(UTC-07:00) Arizona",,,2387.1364509787313,1680.3959968114034,3669.515519511001,
FLG-NAUC-N_landtotalelecdemand_V2,"","North Campus",Gammage,"kW", 11/10/2024 05:00:00 PM,"(UTC-07:00) Arizona",,,2340.546582148554,1644.2773315041604,3604.2304799439994,
FLG-NAUC-N_landtotalelecdemand_V2,"","North Campus",Gammage,"kW", 11/11/2024 05:00:00 AM,"(UTC-07:00) Arizona",,,2525.7796346027203,1699.2794983975407,4271.614444612502,
FLG-NAUC-N_landtotalelecdemand_V2,"","North Campus",Gammage,"kW", 11/11/2024 05:00:00 PM,"(UTC-07:00) Arizona",,,2441.964715728539,1612.922102171308,4051.8748692829977,
FLG-NAUC-N_landtotalelecdemand_V2,"","North Campus",Gammage,"kW", 11/12/2024 05:00:00 AM,"(UTC-07:00) Arizona",,,2997.8961011796505,1665.0029007651194,4906.327949634999,
FLG-NAUC-N_landtotalelecdemand_V2,"","North Campus",Gammage,"kW", 11/12/2024 05:00:00 PM,"(UTC-07:00) Arizona",,,2516.4145520111224,1656.9740378124156,4577.5187180451985,
FLG-NAUC-N_landtotalelecdemand_V2,"","North Campus",Gammage,"kW", 11/13/2024 05:00:00 AM,"(UTC-07:00) Arizona",,,3158.9287644863534,1767.9562510843523,4915.552840287001,
FLG-NAUC-N_landtotalelecdemand_V2,"","North Campus",Gammage,"kW", 11/13/2024 05:00:00 PM,"(UTC-07:00) Arizona",,,2595.745919876588,1700.1842731941124,4594.514663241501,
FLG-NAUC-N_landtotalelecdemand_V2,"","North Campus",Gammage,"kW", 11/14/2024 05:00:00 AM,"(UTC-07:00) Arizona",,,3123.841717048502,1748.142108069246,4880.0133147490005,
FLG-NAUC-N_landtotalelecdemand_V2,"","North Campus",Gammage,"kW", 11/14/2024 05:00:00 PM,"(UTC-07:00) Arizona",,,2502.4961910908464,1687.869457423501,4577.158558355,
FLG-NAUC-N_landtotalelecdemand_V2,"","North Campus",Gammage,"kW", 11/15/2024 05:00:00 AM,"(UTC-07:00) Arizona",,,2883.668115600773,1735.397795443841,4897.6936580232,
FLG-NAUC-N_landtotalelecdemand_V2,"","North Campus",Gammage,"kW", 11/15/2024 05:00:00 PM,"(UTC-07:00) Arizona",,,2161.4811996887274,1668.8125104895782,3943.8690998360016,
FLG-NAUC-N_landtotalelecdemand_V2,"","North Campus",Gammage,"kW", 11/16/2024 05:00:00 AM,"(UTC-07:00) Arizona",,,2298.4562380430575,1732.3266535415648,3720.9770367455,
FLG-NAUC-N_landtotalelecdemand_V2,"","North Campus",Gammage,"kW", 11/16/2024 05:00:00 PM,"(UTC-07:00) Arizona",,,2473.35753953188,1651.4264891133498,3839.731783644699,
FLG-NAUC-N_landtotalelecdemand_V2,"","North Campus",Gammage,"kW", 11/17/2024 05:00:00 AM,"(UTC-07:00) Arizona",,,2420.0104763400986,1671.693579711737,3682.3650614849994,
FLG-NAUC-N_landtotalelecdemand_V2,"","North Campus",Gammage,"kW", 11/17/2024 05:00:00 PM,"(UTC-07:00) Arizona",,,2402.4258901818594,1680.7658941986526,3851.7772902169986,
FLG-NAUC-N_landtotalelecdemand_V2,"","North Campus",Gammage,"kW", 11/18/2024 05:00:00 AM,"(UTC-07:00) Arizona",,,3277.512797915298,1743.5235938326798,4887.522460345001,
FLG-NAUC-N_landtotalelecdemand_V2,"","North Campus",Gammage,"kW", 11/18/2024 05:00:00 PM,"(UTC-07:00) Arizona",,,2499.189085010418,1656.2044354462314,4619.1672912609,
FLG-NAUC-N_landtotalelecdemand_V2,"","North Campus",Gammage,"kW", 11/19/2024 05:00:00 AM,"(UTC-07:00) Arizona",,,3001.3303257553284,1714.7586185510643,4813.892602517998,
FLG-NAUC-N_landtotalelecdemand_V2,"","North Campus",Gammage,"kW", 11/19/2024 05:00:00 PM,"(UTC-07:00) Arizona",,,2514.7272555386,1557.151534523013,4565.1312673325,
FLG-NAUC-N_landtotalelecdemand_V2,"","North Campus",Gammage,"kW", 11/20/2024 05:00:00 AM,"(UTC-07:00) Arizona",,,3087.218348773508,1649.1994595881583,4878.156419310602,
FLG-NAUC-N_landtotalelecdemand_V2,"","North Campus",Gammage,"kW", 11/20/2024 05:00:00 PM,"(UTC-07:00) Arizona",,,2437.0943332960082,1640.9558346935669,4477.646285851501,
FLG-NAUC-N_landtotalelecdemand_V2,"","North Campus",Gammage,"kW", 11/21/2024 05:00:00 AM,"(UTC-07:00) Arizona",,,3196.7530024591833,1769.5991039788935,4921.802895347997,
FLG-NAUC-N_landtotalelecdemand_V2,"","North Campus",Gammage,"kW", 11/21/2024 05:00:00 PM,"(UTC-07:00) Arizona",,,2493.242589907093,1623.0113646961754,4665.148262548003,
FLG-NAUC-N_landtotalelecdemand_V2,"","North Campus",Gammage,"kW", 11/22/2024 05:00:00 AM,"(UTC-07:00) Arizona",,,3223.5676141092013,1709.6320375078592,4867.961131174999,
FLG-NAUC-N_landtotalelecdemand_V2,"","North Campus",Gammage,"kW", 11/22/2024 05:00:00 PM,"(UTC-07:00) Arizona",,,7096.411470101807,1701.7036934777395,13489.711078881508,
FLG-NAUC-N_landtotalelecdemand_V2,"","North Campus",Gammage,"kW", 11/23/2024 05:00:00 AM,"(UTC-07:00) Arizona",,,8884.22314148928,6798.93862573954,14449.573433013007,
FLG-NAUC-N_landtotalelecdemand_V2,"","North Campus",Gammage,"kW", 11/23/2024 05:00:00 PM,"(UTC-07:00) Arizona",,,10004.510580645523,7845.070442664881,15302.018309709,
FLG-NAUC-N_landtotalelecdemand_V2,"","North Campus",Gammage,"kW", 11/24/2024 05:00:00 AM,"(UTC-07:00) Arizona",,,8945.826269664818,6722.235636299818,14017.535039252003,
FLG-NAUC-N_landtotalelecdemand_V2,"","North Campus",Gammage,"kW", 11/24/2024 05:00:00 PM,"(UTC-07:00) Arizona",,,10479.477140733472,7477.306487596356,22395.105430753,
FLG-NAUC-N_landtotalelecdemand_V2,"","North Campus",Gammage,"kW", 11/25/2024 05:00:00 AM,"(UTC-07:00) Arizona",,,27097.39532138696,17071.08096977362,35171.07817561151,
FLG-NAUC-N_landtotalelecdemand_V2,"","North Campus",Gammage,"kW", 11/25/2024 05:00:00 PM,"(UTC-07:00) Arizona",,,15748.264663254473,7288.730343723483,32954.22982919261,
FLG-NAUC-N_landtotalelecdemand_V2,"","North Campus",Gammage,"kW", 11/26/2024 05:00:00 AM,"(UTC-07:00) Arizona",,,26789.531822172758,14928.303854170841,35574.2378492295,
FLG-NAUC-N_landtotalelecdemand_V2,"","North Campus",Gammage,"kW", 11/26/2024 05:00:00 PM,"(UTC-07:00) Arizona",,,15406.208387691746,7447.708747485314,35305.18503115299,
FLG-NAUC-N_landtotalelecdemand_V2,"","North Campus",Gammage,"kW", 11/27/2024 05:00:00 AM,"(UTC-07:00) Arizona",,,25709.24423547083,14290.700307818715,31537.07410415901,
FLG-NAUC-N_landtotalelecdemand_V2,"","North Campus",Gammage,"kW", 11/27/2024 05:00:00 PM,"(UTC-07:00) Arizona",,,14376.808417976234,7437.047347697474,31066.325445048806,
FLG-NAUC-N_landtotalelecdemand_V2,"","North Campus",Gammage,"kW", 11/28/2024 05:00:00 AM,"(UTC-07:00) Arizona",,,22514.30874741936,14158.387620462414,28307.090425232513,
FLG-NAUC-N_landtotalelecdemand_V2,"","North Campus",Gammage,"kW", 11/28/2024 05:00:00 PM,"(UTC-07:00) Arizona",,,13473.482334391407,7034.458356348963,28270.624076077722,
FLG-NAUC-N_landtotalelecdemand_V2,"","North Campus",Gammage,"kW", 11/29/2024 05:00:00 AM,"(UTC-07:00) Arizona",,,20145.225099878353,15164.635282749885,27443.719000916004,
FLG-NAUC-N_landtotalelecdemand_V2,"","North Campus",Gammage,"kW", 12/03/2024 05:00:00 PM,"(UTC-07:00) Arizona",,,15367.877049707844,3892.7947130115,32741.19460594499,
FLG-NAUC-N_landtotalelecdemand_V2,"","North Campus",Gammage,"kW", 12/04/2024 05:00:00 AM,"(UTC-07:00) Arizona",,,28174.0971306864,17548.768654363004,36200.92584606901,
FLG-NAUC-N_landtotalelecdemand_V2,"","North Campus",Gammage,"kW", 12/04/2024 05:00:00 PM,"(UTC-07:00) Arizona",,,16483.143699937304,8152.037176534,35373.62384814901,
FLG-NAUC-N_landtotalelecdemand_V2,"","North Campus",Gammage,"kW", 12/05/2024 05:00:00 AM,"(UTC-07:00) Arizona",,,28216.75706808197,17199.913087450004,34589.773030295,
FLG-NAUC-N_landtotalelecdemand_V2,"","North Campus",Gammage,"kW", 12/05/2024 05:00:00 PM,"(UTC-07:00) Arizona",,,14971.364242618118,8171.699948255995,33894.710178972484,
FLG-NAUC-N_landtotalelecdemand_V2,"","North Campus",Gammage,"kW", 12/06/2024 05:00:00 AM,"(UTC-07:00) Arizona",,,27312.17229967038,17439.794151831986,34248.379221530704,
FLG-NAUC-N_landtotalelecdemand_V2,"","North Campus",Gammage,"kW", 12/06/2024 05:00:00 PM,"(UTC-07:00) Arizona",,,9695.817199982002,7865.569808607,14170.409839525006,
FLG-NAUC-N_landtotalelecdemand_V2,"","North Campus",Gammage,"kW", 12/07/2024 05:00:00 AM,"(UTC-07:00) Arizona",,,8771.406726341871,7249.363045312998,13597.556820336013,
FLG-NAUC-N_landtotalelecdemand_V2,"","North Campus",Gammage,"kW", 12/07/2024 05:00:00 PM,"(UTC-07:00) Arizona",,,9861.437642171933,8411.954107803997,13742.228780927504,
FLG-NAUC-N_landtotalelecdemand_V2,"","North Campus",Gammage,"kW", 12/08/2024 05:00:00 AM,"(UTC-07:00) Arizona",,,8768.180703052023,7277.4452746033985,13135.206201851002,
FLG-NAUC-N_landtotalelecdemand_V2,"","North Campus",Gammage,"kW", 12/08/2024 05:00:00 PM,"(UTC-07:00) Arizona",,,11027.819649527402,7938.422747762798,19161.359094333995,
FLG-NAUC-N_landtotalelecdemand_V2,"","North Campus",Gammage,"kW", 12/09/2024 05:00:00 AM,"(UTC-07:00) Arizona",,,27542.28978018632,17225.03816114501,35486.70475370201,
FLG-NAUC-N_landtotalelecdemand_V2,"","North Campus",Gammage,"kW", 12/09/2024 05:00:00 PM,"(UTC-07:00) Arizona",,,13240.374786641352,8329.966985304,30810.508349038,
FLG-NAUC-N_landtotalelecdemand_V2,"","North Campus",Gammage,"kW", 12/10/2024 05:00:00 AM,"(UTC-07:00) Arizona",,,27729.230913244646,18767.855020877483,36014.38642416299,
FLG-NAUC-N_landtotalelecdemand_V2,"","North Campus",Gammage,"kW", 12/10/2024 05:00:00 PM,"(UTC-07:00) Arizona",,,4466.105769620481,1503.2523057367116,27026.332143901192,
FLG-NAUC-N_landtotalelecdemand_V2,"","North Campus",Gammage,"kW", 12/11/2024 05:00:00 AM,"(UTC-07:00) Arizona",,,26684.183015633178,1626.5946741548962,35428.762977962346,
FLG-NAUC-N_landtotalelecdemand_V2,"","North Campus",Gammage,"kW", 12/11/2024 05:00:00 PM,"(UTC-07:00) Arizona",,,14523.233169294983,7119.6333721918745,29801.41542545183,
FLG-NAUC-N_landtotalelecdemand_V2,"","North Campus",Gammage,"kW", 12/12/2024 05:00:00 AM,"(UTC-07:00) Arizona",,,27530.975377175637,18491.453793544144,35708.266150712996,
FLG-NAUC-N_landtotalelecdemand_V2,"","North Campus",Gammage,"kW", 12/12/2024 05:00:00 PM,"(UTC-07:00) Arizona",,,13823.184289864157,7030.763461039351,30001.765267048777,
FLG-NAUC-N_landtotalelecdemand_V2,"","North Campus",Gammage,"kW", 12/13/2024 05:00:00 AM,"(UTC-07:00) Arizona",,,26078.867979972016,17187.842153978494,34139.77296567459,
FLG-NAUC-N_landtotalelecdemand_V2,"","North Campus",Gammage,"kW", 12/13/2024 05:00:00 PM,"(UTC-07:00) Arizona",,,8589.584256421975,7047.998336423386,28438.20251723622,
FLG-NAUC-N_landtotalelecdemand_V2,"","North Campus",Gammage,"kW", 12/14/2024 05:00:00 AM,"(UTC-07:00) Arizona",,,7736.6453710247815,6228.405593853458,12311.134516647642,
FLG-NAUC-N_landtotalelecdemand_V2,"","North Campus",Gammage,"kW", 12/14/2024 05:00:00 PM,"(UTC-07:00) Arizona",,,8808.016945253217,6744.583940077886,13474.741537794333,
FLG-NAUC-N_landtotalelecdemand_V2,"","North Campus",Gammage,"kW", 12/15/2024 05:00:00 AM,"(UTC-07:00) Arizona",,,7641.449281719616,6200.329053193242,12812.23370008234,
FLG-NAUC-N_landtotalelecdemand_V2,"","North Campus",Gammage,"kW", 12/15/2024 05:00:00 PM,"(UTC-07:00) Arizona",,,9401.675863935014,6581.162790639254,18658.228744549277,
FLG-NAUC-N_landtotalelecdemand_V2,"","North Campus",Gammage,"kW", 12/16/2024 05:00:00 AM,"(UTC-07:00) Arizona",,,26666.96153346384,15288.16330306511,35989.503321086035,
FLG-NAUC-N_landtotalelecdemand_V2,"","North Campus",Gammage,"kW", 12/16/2024 05:00:00 PM,"(UTC-07:00) Arizona",,,13919.562366770062,7205.348408110979,30666.96949199597,
FLG-NAUC-N_landtotalelecdemand_V2,"","North Campus",Gammage,"kW", 12/17/2024 05:00:00 AM,"(UTC-07:00) Arizona",,,25106.8981242781,18017.158194998603,31509.44976017075,
FLG-NAUC-N_landtotalelecdemand_V2,"","North Campus",Gammage,"kW", 12/17/2024 05:00:00 PM,"(UTC-07:00) Arizona",,,13674.44932259031,6943.105318819359,30177.874921122784,
FLG-NAUC-N_landtotalelecdemand_V2,"","North Campus",Gammage,"kW", 12/18/2024 05:00:00 AM,"(UTC-07:00) Arizona",,,14615.202382034995,1538.6765173308313,31083.278160895985,
FLG-NAUC-N_landtotalelecdemand_V2,"","North Campus",Gammage,"kW", 12/18/2024 05:00:00 PM,"(UTC-07:00) Arizona",,,12826.621529993923,7147.145433669711,27993.106903687734,
FLG-NAUC-N_landtotalelecdemand_V2,"","North Campus",Gammage,"kW", 12/19/2024 05:00:00 AM,"(UTC-07:00) Arizona",,,24890.65377275135,17257.198845763003,31900.19517736209,
FLG-NAUC-N_landtotalelecdemand_V2,"","North Campus",Gammage,"kW", 12/19/2024 05:00:00 PM,"(UTC-07:00) Arizona",,,13331.21102541682,6797.878393028492,27755.728030968017,
FLG-NAUC-N_landtotalelecdemand_V2,"","North Campus",Gammage,"kW", 12/20/2024 05:00:00 AM,"(UTC-07:00) Arizona",,,23476.511498592787,16789.106498109126,29648.86781819602,
FLG-NAUC-N_landtotalelecdemand_V2,"","North Campus",Gammage,"kW", 12/20/2024 05:00:00 PM,"(UTC-07:00) Arizona",,,8691.662587826226,6793.8536380099595,22080.883317410025,
FLG-NAUC-N_landtotalelecdemand_V2,"","North Campus",Gammage,"kW", 12/21/2024 05:00:00 AM,"(UTC-07:00) Arizona",,,7637.0627993490425,5752.343145482557,13163.715790688178,
FLG-NAUC-N_landtotalelecdemand_V2,"","North Campus",Gammage,"kW", 12/21/2024 05:00:00 PM,"(UTC-07:00) Arizona",,,8690.017534122353,6510.138240273509,12716.0889057,
FLG-NAUC-N_landtotalelecdemand_V2,"","North Campus",Gammage,"kW", 12/22/2024 05:00:00 AM,"(UTC-07:00) Arizona",,,7488.774443420254,6045.784271157539,12223.916273278252,
FLG-NAUC-N_landtotalelecdemand_V2,"","North Campus",Gammage,"kW", 12/22/2024 05:00:00 PM,"(UTC-07:00) Arizona",,,9347.997774805423,6436.0272954446455,22820.93653354083,
FLG-NAUC-N_landtotalelecdemand_V2,"","North Campus",Gammage,"kW", 12/23/2024 05:00:00 AM,"(UTC-07:00) Arizona",,,23679.82152442035,16011.168550202769,31638.834031796938,
FLG-NAUC-N_landtotalelecdemand_V2,"","North Campus",Gammage,"kW", 12/23/2024 05:00:00 PM,"(UTC-07:00) Arizona",,,14045.820199923744,7188.782796744148,27913.151914666767,
FLG-NAUC-N_landtotalelecdemand_V2,"","North Campus",Gammage,"kW", 12/24/2024 05:00:00 AM,"(UTC-07:00) Arizona",,,22253.64074383739,15903.70664399298,27441.516023848464,
FLG-NAUC-N_landtotalelecdemand_V2,"","North Campus",Gammage,"kW", 12/24/2024 05:00:00 PM,"(UTC-07:00) Arizona",,,12118.765672392168,6647.239597055484,27391.358318945815,
FLG-NAUC-N_landtotalelecdemand_V2,"","North Campus",Gammage,"kW", 12/25/2024 05:00:00 AM,"(UTC-07:00) Arizona",,,4963.375776623507,1474.2321596551374,13465.315229809,
FLG-NAUC-N_landtotalelecdemand_V2,"","North Campus",Gammage,"kW", 12/25/2024 05:00:00 PM,"(UTC-07:00) Arizona",,,1432.0098377029583,1357.0054391066235,1469.2878390034798,
FLG-NAUC-N_landtotalelecdemand_V2,"","North Campus",Gammage,"kW", 12/26/2024 05:00:00 AM,"(UTC-07:00) Arizona",,,7321.145729219569,1355.2207021787883,11864.5987775287,
FLG-NAUC-N_landtotalelecdemand_V2,"","North Campus",Gammage,"kW", 12/26/2024 05:00:00 PM,"(UTC-07:00) Arizona",,,8544.39766851406,6502.5940719953815,13087.423417477947,
FLG-NAUC-N_landtotalelecdemand_V2,"","North Campus",Gammage,"kW", 12/27/2024 05:00:00 AM,"(UTC-07:00) Arizona",,,7490.546444316671,6005.364126147438,11987.464484558019,
FLG-NAUC-N_landtotalelecdemand_V2,"","North Campus",Gammage,"kW", 12/27/2024 05:00:00 PM,"(UTC-07:00) Arizona",,,8518.561027924789,6341.055634570359,13322.388366856192,
FLG-NAUC-N_landtotalelecdemand_V2,"","North Campus",Gammage,"kW", 12/28/2024 05:00:00 AM,"(UTC-07:00) Arizona",,,7998.688032980097,6021.0012522631205,13523.316175054468,
FLG-NAUC-N_landtotalelecdemand_V2,"","North Campus",Gammage,"kW", 12/28/2024 05:00:00 PM,"(UTC-07:00) Arizona",,,8708.033144786883,6453.405493584546,12558.922275718634,
FLG-NAUC-N_landtotalelecdemand_V2,"","North Campus",Gammage,"kW", 12/29/2024 05:00:00 AM,"(UTC-07:00) Arizona",,,7476.784116925393,5940.294005647409,13233.00187061178,
FLG-NAUC-N_landtotalelecdemand_V2,"","North Campus",Gammage,"kW", 12/29/2024 05:00:00 PM,"(UTC-07:00) Arizona",,,8723.140068055169,6321.424119046622,13338.116762086973,
FLG-NAUC-N_landtotalelecdemand_V2,"","North Campus",Gammage,"kW", 12/30/2024 05:00:00 AM,"(UTC-07:00) Arizona",,,7504.277819927518,5644.1174502049425,12052.67718980036,
FLG-NAUC-N_landtotalelecdemand_V2,"","North Campus",Gammage,"kW", 12/30/2024 05:00:00 PM,"(UTC-07:00) Arizona",,,8691.742722618059,6074.026488972544,13358.373488636646,
FLG-NAUC-N_landtotalelecdemand_V2,"","North Campus",Gammage,"kW", 12/31/2024 05:00:00 AM,"(UTC-07:00) Arizona",,,8188.9206868148385,5671.451126923276,13122.201266047754,
FLG-NAUC-N_landtotalelecdemand_V2,"","North Campus",Gammage,"kW", 12/31/2024 05:00:00 PM,"(UTC-07:00) Arizona",,,9117.28475511495,6484.90501152237,17529.438433183932,
FLG-NAUC-N_landtotalelecdemand_V2,"","North Campus",Gammage,"kW", 01/01/2025 05:00:00 AM,"(UTC-07:00) Arizona",,,9251.981936642675,6044.579922758544,15763.569892249532,
FLG-NAUC-N_landtotalelecdemand_V2,"","North Campus",Gammage,"kW", 01/01/2025 05:00:00 PM,"(UTC-07:00) Arizona",,,8682.326940479496,6438.850976972982,13953.01385594454,
FLG-NAUC-N_landtotalelecdemand_V2,"","North Campus",Gammage,"kW", 01/02/2025 05:00:00 AM,"(UTC-07:00) Arizona",,,2753.9758885618717,1540.5496873361396,10603.385228998575,
FLG-NAUC-N_landtotalelecdemand_V2,"","North Campus",Gammage,"kW", 01/02/2025 05:00:00 PM,"(UTC-07:00) Arizona",,,1545.406361986303,1378.0583953376845,1776.7893361795568,
FLG-NAUC-N_landtotalelecdemand_V2,"","North Campus",Gammage,"kW", 01/03/2025 05:00:00 AM,"(UTC-07:00) Arizona",,,17682.71330398103,1544.1603835332446,34557.00216968227,
FLG-NAUC-N_landtotalelecdemand_V2,"","North Campus",Gammage,"kW", 01/03/2025 05:00:00 PM,"(UTC-07:00) Arizona",,,8866.380743626403,7407.0999276917455,13261.096278201616,
FLG-NAUC-N_landtotalelecdemand_V2,"","North Campus",Gammage,"kW", 01/04/2025 05:00:00 AM,"(UTC-07:00) Arizona",,,7854.117765304846,6560.6774053600775,13359.920925289358,
FLG-NAUC-N_landtotalelecdemand_V2,"","North Campus",Gammage,"kW", 01/04/2025 05:00:00 PM,"(UTC-07:00) Arizona",,,9142.485210702052,6638.516587805262,13272.121342602491,
FLG-NAUC-N_landtotalelecdemand_V2,"","North Campus",Gammage,"kW", 01/05/2025 05:00:00 AM,"(UTC-07:00) Arizona",,,7944.010866728478,6054.680780948358,12325.134807129049,
FLG-NAUC-N_landtotalelecdemand_V2,"","North Campus",Gammage,"kW", 01/05/2025 05:00:00 PM,"(UTC-07:00) Arizona",,,9533.148990820771,6937.470419849302,19352.38726105799,
FLG-NAUC-N_landtotalelecdemand_V2,"","North Campus",Gammage,"kW", 01/06/2025 05:00:00 AM,"(UTC-07:00) Arizona",,,25270.603304732704,17852.122536128252,32769.65562933188,
FLG-NAUC-N_landtotalelecdemand_V2,"","North Campus",Gammage,"kW", 01/06/2025 05:00:00 PM,"(UTC-07:00) Arizona",,,13701.32056382709,7163.305549611691,28686.79742894014,
FLG-NAUC-N_landtotalelecdemand_V2,"","North Campus",Gammage,"kW", 01/07/2025 05:00:00 AM,"(UTC-07:00) Arizona",,,26227.694163375134,18060.8574964867,32653.113779982275,
FLG-NAUC-N_landtotalelecdemand_V2,"","North Campus",Gammage,"kW", 01/07/2025 05:00:00 PM,"(UTC-07:00) Arizona",,,13566.960265507432,7195.521567897687,30708.21415529394,
FLG-NAUC-N_landtotalelecdemand_V2,"","North Campus",Gammage,"kW", 01/08/2025 05:00:00 AM,"(UTC-07:00) Arizona",,,25617.376559523367,18642.428892758915,32131.59304568014,
FLG-NAUC-N_landtotalelecdemand_V2,"","North Campus",Gammage,"kW", 01/08/2025 05:00:00 PM,"(UTC-07:00) Arizona",,,13422.461527069014,7137.227153676366,28910.355856081856,
FLG-NAUC-N_landtotalelecdemand_V2,"","North Campus",Gammage,"kW", 01/09/2025 05:00:00 AM,"(UTC-07:00) Arizona",,,27614.901633795373,18308.563584804564,40821.6051783919,
FLG-NAUC-N_landtotalelecdemand_V2,"","North Campus",Gammage,"kW", 01/09/2025 05:00:00 PM,"(UTC-07:00) Arizona",,,14441.081047099246,7004.6303952855105,29492.912767055153,
FLG-NAUC-N_landtotalelecdemand_V2,"","North Campus",Gammage,"kW", 01/10/2025 05:00:00 AM,"(UTC-07:00) Arizona",,,12020.895153550182,1881.2245339597268,31582.47776101492,
FLG-NAUC-N_landtotalelecdemand_V2,"","North Campus",Gammage,"kW", 01/10/2025 05:00:00 PM,"(UTC-07:00) Arizona",,,1598.541125757589,1397.254783607009,1901.88623498278,
FLG-NAUC-N_landtotalelecdemand_V2,"","North Campus",Gammage,"kW", 01/11/2025 05:00:00 AM,"(UTC-07:00) Arizona",,,7555.733115266482,1538.4342897839313,13494.919983083228,
FLG-NAUC-N_landtotalelecdemand_V2,"","North Campus",Gammage,"kW", 01/11/2025 05:00:00 PM,"(UTC-07:00) Arizona",,,8904.055239915433,6707.741473073275,13708.227897514467,
FLG-NAUC-N_landtotalelecdemand_V2,"","North Campus",Gammage,"kW", 01/12/2025 05:00:00 AM,"(UTC-07:00) Arizona",,,9220.490886398491,6466.573995173833,15470.618789737004,
FLG-NAUC-N_landtotalelecdemand_V2,"","North Campus",Gammage,"kW", 01/12/2025 05:00:00 PM,"(UTC-07:00) Arizona",,,11308.026454509833,6659.345090491136,23835.478746638004,
FLG-NAUC-N_landtotalelecdemand_V2,"","North Campus",Gammage,"kW", 01/13/2025 05:00:00 AM,"(UTC-07:00) Arizona",,,27183.288375963726,21103.72618969808,33380.998329383845,
FLG-NAUC-N_landtotalelecdemand_V2,"","North Campus",Gammage,"kW", 01/13/2025 05:00:00 PM,"(UTC-07:00) Arizona",,,14479.8812870413,7400.154244177948,32536.110420737157,
FLG-NAUC-N_landtotalelecdemand_V2,"","North Campus",Gammage,"kW", 01/14/2025 05:00:00 AM,"(UTC-07:00) Arizona",,,13774.008689205168,10030.564389303843,19233.0123151883,
FLG-NAUC-N_landtotalelecdemand_V2,"","North Campus",Gammage,"kW", 02/27/2025 05:00:00 AM,"(UTC-07:00) Arizona",,,24244.054125547747,22373.474280512488,28003.95458151091,
FLG-NAUC-N_landtotalelecdemand_V2,"","North Campus",Gammage,"kW", 02/27/2025 05:00:00 PM,"(UTC-07:00) Arizona",,,9617.963909375218,1920.690669421375,33016.62880911541,
FLG-NAUC-N_landtotalelecdemand_V2,"","North Campus",Gammage,"kW", 02/28/2025 05:00:00 AM,"(UTC-07:00) Arizona",,,2600.683499357552,2066.8719525907127,2870.094994558724,
FLG-NAUC-N_landtotalelecdemand_V2,"","North Campus",Gammage,"kW", 02/28/2025 05:00:00 PM,"(UTC-07:00) Arizona",,,4276.928163244007,1919.4847519501875,12065.414751854985,
FLG-NAUC-N_landtotalelecdemand_V2,"","North Campus",Gammage,"kW", 03/01/2025 05:00:00 AM,"(UTC-07:00) Arizona",,,9361.873892863834,7056.728050015948,13055.813052967376,
FLG-NAUC-N_landtotalelecdemand_V2,"","North Campus",Gammage,"kW", 03/01/2025 05:00:00 PM,"(UTC-07:00) Arizona",,,10683.75557851591,9106.495679780935,14894.783358038365,
FLG-NAUC-N_landtotalelecdemand_V2,"","North Campus",Gammage,"kW", 03/02/2025 05:00:00 AM,"(UTC-07:00) Arizona",,,9127.795733832292,7195.157138081165,13075.948569653932,
FLG-NAUC-N_landtotalelecdemand_V2,"","North Campus",Gammage,"kW", 03/02/2025 05:00:00 PM,"(UTC-07:00) Arizona",,,10429.17273142649,8169.562690479315,20167.57928149123,
FLG-NAUC-N_landtotalelecdemand_V2,"","North Campus",Gammage,"kW", 03/03/2025 05:00:00 AM,"(UTC-07:00) Arizona",,,21188.872500277826,14800.471114087726,28992.32135057392,
FLG-NAUC-N_landtotalelecdemand_V2,"","North Campus",Gammage,"kW", 03/03/2025 05:00:00 PM,"(UTC-07:00) Arizona",,,12081.409065829634,7802.8375879051455,26866.755282989823,
FLG-NAUC-N_landtotalelecdemand_V2,"","North Campus",Gammage,"kW", 03/04/2025 05:00:00 AM,"(UTC-07:00) Arizona",,,23228.55585877154,14838.46644286237,29960.20628328132,
FLG-NAUC-N_landtotalelecdemand_V2,"","North Campus",Gammage,"kW", 03/04/2025 05:00:00 PM,"(UTC-07:00) Arizona",,,14240.582689813315,7231.687131478453,31686.567737927013,
FLG-NAUC-N_landtotalelecdemand_V2,"","North Campus",Gammage,"kW", 03/05/2025 05:00:00 AM,"(UTC-07:00) Arizona",,,23037.998024672062,14780.366771372019,30469.66904974949,
FLG-NAUC-N_landtotalelecdemand_V2,"","North Campus",Gammage,"kW", 03/05/2025 05:00:00 PM,"(UTC-07:00) Arizona",,,14372.285596642967,7444.357324380283,33158.02012727138,
FLG-NAUC-N_landtotalelecdemand_V2,"","North Campus",Gammage,"kW", 03/06/2025 05:00:00 AM,"(UTC-07:00) Arizona",,,23908.760960762625,15545.562837841686,31165.467236762008,
FLG-NAUC-N_landtotalelecdemand_V2,"","North Campus",Gammage,"kW", 03/06/2025 05:00:00 PM,"(UTC-07:00) Arizona",,,14361.158297328311,7352.684208003091,30929.593620375872,
FLG-NAUC-N_landtotalelecdemand_V2,"","North Campus",Gammage,"kW", 03/07/2025 05:00:00 AM,"(UTC-07:00) Arizona",,,21618.818764087217,15482.753995445739,30721.30248348928,
FLG-NAUC-N_landtotalelecdemand_V2,"","North Campus",Gammage,"kW", 03/07/2025 05:00:00 PM,"(UTC-07:00) Arizona",,,7831.443933093132,1818.1148454423019,27229.549681871453,
FLG-NAUC-N_landtotalelecdemand_V2,"","North Campus",Gammage,"kW", 03/08/2025 05:00:00 AM,"(UTC-07:00) Arizona",,,1976.6964670622835,1872.9478025944395,2070.79245003408,
FLG-NAUC-N_landtotalelecdemand_V2,"","North Campus",Gammage,"kW", 03/08/2025 05:00:00 PM,"(UTC-07:00) Arizona",,,1882.6390005715855,1762.5372668747896,1998.861685824995,
FLG-NAUC-N_landtotalelecdemand_V2,"","North Campus",Gammage,"kW", 03/09/2025 05:00:00 AM,"(UTC-07:00) Arizona",,,1909.2331366430699,1793.1614480906337,2011.5492069420823,
FLG-NAUC-N_landtotalelecdemand_V2,"","North Campus",Gammage,"kW", 03/09/2025 05:00:00 PM,"(UTC-07:00) Arizona",,,1858.1697865606013,1726.0624894830707,1950.6733029486481,
FLG-NAUC-N_landtotalelecdemand_V2,"","North Campus",Gammage,"kW", 03/10/2025 05:00:00 AM,"(UTC-07:00) Arizona",,,2194.5020702889847,1880.8308293734199,2403.20874536681,
FLG-NAUC-N_landtotalelecdemand_V2,"","North Campus",Gammage,"kW", 03/10/2025 05:00:00 PM,"(UTC-07:00) Arizona",,,1806.6853771895483,1633.003289515313,2046.5281319676978,
FLG-NAUC-N_landtotalelecdemand_V2,"","North Campus",Gammage,"kW", 03/11/2025 05:00:00 AM,"(UTC-07:00) Arizona",,,2094.9470927455654,1785.1037997596072,2249.0203020541526,
FLG-NAUC-N_landtotalelecdemand_V2,"","North Campus",Gammage,"kW", 03/11/2025 05:00:00 PM,"(UTC-07:00) Arizona",,,1814.7715183980051,1639.8169696921145,2039.3012891944352,
FLG-NAUC-N_landtotalelecdemand_V2,"","North Campus",Gammage,"kW", 03/12/2025 05:00:00 AM,"(UTC-07:00) Arizona",,,2098.765083273917,1803.9884989897907,2260.844209519972,
FLG-NAUC-N_landtotalelecdemand_V2,"","North Campus",Gammage,"kW", 03/12/2025 05:00:00 PM,"(UTC-07:00) Arizona",,,1846.85737238289,1709.4490584926054,2083.376074146272,
FLG-NAUC-N_landtotalelecdemand_V2,"","North Campus",Gammage,"kW", 03/13/2025 05:00:00 AM,"(UTC-07:00) Arizona",,,2153.953277061293,1857.3535925108254,2333.3347618765606,
FLG-NAUC-N_landtotalelecdemand_V2,"","North Campus",Gammage,"kW", 03/13/2025 05:00:00 PM,"(UTC-07:00) Arizona",,,1912.83659095023,1725.9552009394115,2161.88665739643,
FLG-NAUC-N_landtotalelecdemand_V2,"","North Campus",Gammage,"kW", 03/14/2025 05:00:00 AM,"(UTC-07:00) Arizona",,,2051.0268778137915,1872.9015538078897,2183.1790408120623,
FLG-NAUC-N_landtotalelecdemand_V2,"","North Campus",Gammage,"kW", 03/14/2025 05:00:00 PM,"(UTC-07:00) Arizona",,,1774.697748578801,1540.9216767664313,2075.8307207671924,
FLG-NAUC-N_landtotalelecdemand_V2,"","North Campus",Gammage,"kW", 03/15/2025 05:00:00 AM,"(UTC-07:00) Arizona",,,1916.097572443495,1606.7457503464445,2064.045967850238,
FLG-NAUC-N_landtotalelecdemand_V2,"","North Campus",Gammage,"kW", 03/15/2025 05:00:00 PM,"(UTC-07:00) Arizona",,,1894.5064286929135,1760.2929287367317,2032.0207873574732,
FLG-NAUC-N_landtotalelecdemand_V2,"","North Campus",Gammage,"kW", 03/16/2025 05:00:00 AM,"(UTC-07:00) Arizona",,,2006.6763086557198,1771.8363417668843,2169.9079180047,
FLG-NAUC-N_landtotalelecdemand_V2,"","North Campus",Gammage,"kW", 03/16/2025 05:00:00 PM,"(UTC-07:00) Arizona",,,1963.5311744079654,1735.5963774035229,2151.8545002180367,
FLG-NAUC-N_landtotalelecdemand_V2,"","North Campus",Gammage,"kW", 03/17/2025 05:00:00 AM,"(UTC-07:00) Arizona",,,6709.078443520738,1890.4751879118874,27383.632538135793,
FLG-NAUC-N_landtotalelecdemand_V2,"","North Campus",Gammage,"kW", 03/17/2025 05:00:00 PM,"(UTC-07:00) Arizona",,,13728.404356997857,7247.24718209179,29567.91174274237,
FLG-NAUC-N_landtotalelecdemand_V2,"","North Campus",Gammage,"kW", 03/18/2025 05:00:00 AM,"(UTC-07:00) Arizona",,,21940.624781700262,15588.39039795448,28377.163784155473,
FLG-NAUC-N_landtotalelecdemand_V2,"","North Campus",Gammage,"kW", 03/18/2025 05:00:00 PM,"(UTC-07:00) Arizona",,,14015.266456447534,7600.40264105343,30051.25364373769,
FLG-NAUC-N_landtotalelecdemand_V2,"","North Campus",Gammage,"kW", 03/19/2025 05:00:00 AM,"(UTC-07:00) Arizona",,,22681.336513989845,15139.135735841508,27810.257277604065,
FLG-NAUC-N_landtotalelecdemand_V2,"","North Campus",Gammage,"kW", 03/19/2025 05:00:00 PM,"(UTC-07:00) Arizona",,,14706.933224594108,6863.396814910049,30774.778813590794,
FLG-NAUC-N_landtotalelecdemand_V2,"","North Campus",Gammage,"kW", 03/20/2025 05:00:00 AM,"(UTC-07:00) Arizona",,,22862.052083087572,15358.995669230419,31037.060223226526,
FLG-NAUC-N_landtotalelecdemand_V2,"","North Campus",Gammage,"kW", 03/20/2025 05:00:00 PM,"(UTC-07:00) Arizona",,,14342.678136537443,7415.434127800459,28773.5823380598,
FLG-NAUC-N_landtotalelecdemand_V2,"","North Campus",Gammage,"kW", 03/21/2025 05:00:00 AM,"(UTC-07:00) Arizona",,,22082.043390710212,14729.195021029784,28122.309934057474,
FLG-NAUC-N_landtotalelecdemand_V2,"","North Campus",Gammage,"kW", 03/21/2025 05:00:00 PM,"(UTC-07:00) Arizona",,,9764.00575814804,7394.235584412249,25755.17366838215,
FLG-NAUC-N_landtotalelecdemand_V2,"","North Campus",Gammage,"kW", 03/22/2025 05:00:00 AM,"(UTC-07:00) Arizona",,,9340.950430572339,6670.213041540291,16079.058206007941,
FLG-NAUC-N_landtotalelecdemand_V2,"","North Campus",Gammage,"kW", 03/22/2025 05:00:00 PM,"(UTC-07:00) Arizona",,,9084.974015288793,7442.582193758657,12817.636845095407,
FLG-NAUC-N_landtotalelecdemand_V2,"","North Campus",Gammage,"kW", 03/23/2025 05:00:00 AM,"(UTC-07:00) Arizona",,,9583.449314574622,6341.029028250088,15121.994961747432,
FLG-NAUC-N_landtotalelecdemand_V2,"","North Campus",Gammage,"kW", 03/23/2025 05:00:00 PM,"(UTC-07:00) Arizona",,,9224.713578109584,7458.349049686258,13283.558321999273,
FLG-NAUC-N_landtotalelecdemand_V2,"","North Campus",Gammage,"kW", 03/24/2025 05:00:00 AM,"(UTC-07:00) Arizona",,,17615.10957628995,2551.4994926235627,31249.966457936225,
FLG-NAUC-N_landtotalelecdemand_V2,"","North Campus",Gammage,"kW", 03/24/2025 05:00:00 PM,"(UTC-07:00) Arizona",,,4104.43451106695,1879.7432310101005,12127.844347648612,
FLG-NAUC-N_landtotalelecdemand_V2,"","North Campus",Gammage,"kW", 03/25/2025 05:00:00 AM,"(UTC-07:00) Arizona",,,20680.5975520695,7348.47586908051,32617.11697737458,
FLG-NAUC-N_landtotalelecdemand_V2,"","North Campus",Gammage,"kW", 03/25/2025 05:00:00 PM,"(UTC-07:00) Arizona",,,14574.805764850422,7031.853992547904,33285.26986517022,
FLG-NAUC-N_landtotalelecdemand_V2,"","North Campus",Gammage,"kW", 03/26/2025 05:00:00 AM,"(UTC-07:00) Arizona",,,22952.652083458735,7445.451239364748,35597.393981902846,
FLG-NAUC-N_landtotalelecdemand_V2,"","North Campus",Gammage,"kW", 03/26/2025 05:00:00 PM,"(UTC-07:00) Arizona",,,14369.188239865143,7314.513918280999,33963.04375511709,
FLG-NAUC-N_landtotalelecdemand_V2,"","North Campus",Gammage,"kW", 03/27/2025 05:00:00 AM,"(UTC-07:00) Arizona",,,21882.415062380616,7328.707085063296,33638.699137050564,
FLG-NAUC-N_landtotalelecdemand_V2,"","North Campus",Gammage,"kW", 03/27/2025 05:00:00 PM,"(UTC-07:00) Arizona",,,13613.850891092128,7173.8872272347735,30337.907043043968,
FLG-NAUC-N_landtotalelecdemand_V2,"","North Campus",Gammage,"kW", 03/28/2025 05:00:00 AM,"(UTC-07:00) Arizona",,,19176.668628021147,7490.510638043667,28188.855090433062,
FLG-NAUC-N_landtotalelecdemand_V2,"","North Campus",Gammage,"kW", 03/28/2025 05:00:00 PM,"(UTC-07:00) Arizona",,,9040.147412706146,7160.4452427635515,13846.239783830688,
FLG-NAUC-N_landtotalelecdemand_V2,"","North Campus",Gammage,"kW", 03/29/2025 05:00:00 AM,"(UTC-07:00) Arizona",,,8024.980635918422,6308.800546178151,13201.926207098937,
FLG-NAUC-N_landtotalelecdemand_V2,"","North Campus",Gammage,"kW", 03/29/2025 05:00:00 PM,"(UTC-07:00) Arizona",,,8763.253608297413,7395.963106620154,12678.299691346965,
FLG-NAUC-N_landtotalelecdemand_V2,"","North Campus",Gammage,"kW", 03/30/2025 05:00:00 AM,"(UTC-07:00) Arizona",,,8452.954148150357,6439.90915458444,12585.01628792903,
FLG-NAUC-N_landtotalelecdemand_V2,"","North Campus",Gammage,"kW", 03/30/2025 05:00:00 PM,"(UTC-07:00) Arizona",,,9553.06375370961,7656.706730084363,14495.410721303939,
FLG-NAUC-N_landtotalelecdemand_V2,"","North Campus",Gammage,"kW", 03/31/2025 05:00:00 AM,"(UTC-07:00) Arizona",,,20215.25019618378,8314.993648895792,27862.354707355364,
FLG-NAUC-N_landtotalelecdemand_V2,"","North Campus",Gammage,"kW", 03/31/2025 05:00:00 PM,"(UTC-07:00) Arizona",,,11494.327978715475,1774.0654605249622,27285.09375683349,
FLG-NAUC-N_landtotalelecdemand_V2,"","North Campus",Gammage,"kW", 04/01/2025 05:00:00 AM,"(UTC-07:00) Arizona",,,2513.065427311874,1870.2365914579102,2835.8086875142235,
FLG-NAUC-N_landtotalelecdemand_V2,"","North Campus",Gammage,"kW", 04/01/2025 05:00:00 PM,"(UTC-07:00) Arizona",,,4616.5900860341135,1860.4006548736259,13064.282370818122,
FLG-NAUC-N_landtotalelecdemand_V2,"","North Campus",Gammage,"kW", 04/02/2025 05:00:00 AM,"(UTC-07:00) Arizona",,,21048.464145460985,8918.462400657867,30364.68475566909,
FLG-NAUC-N_landtotalelecdemand_V2,"","North Campus",Gammage,"kW", 04/02/2025 05:00:00 PM,"(UTC-07:00) Arizona",,,13232.341951018932,7148.477527261365,29855.7343210187,
FLG-NAUC-N_landtotalelecdemand_V2,"","North Campus",Gammage,"kW", 04/03/2025 05:00:00 AM,"(UTC-07:00) Arizona",,,22443.42188626164,9110.158182175981,32445.926107681888,
FLG-NAUC-N_landtotalelecdemand_V2,"","North Campus",Gammage,"kW", 04/03/2025 05:00:00 PM,"(UTC-07:00) Arizona",,,14207.137042561539,7414.358159591674,30883.8345792808,
FLG-NAUC-N_landtotalelecdemand_V2,"","North Campus",Gammage,"kW", 04/04/2025 05:00:00 AM,"(UTC-07:00) Arizona",,,21955.961664252347,9899.662524807249,28991.810284597,
FLG-NAUC-N_landtotalelecdemand_V2,"","North Campus",Gammage,"kW", 04/04/2025 05:00:00 PM,"(UTC-07:00) Arizona",,,9227.125033963595,7262.662115350489,14696.129700445103,
FLG-NAUC-N_landtotalelecdemand_V2,"","North Campus",Gammage,"kW", 04/05/2025 05:00:00 AM,"(UTC-07:00) Arizona",,,7560.958591633055,5740.553288936071,11451.71450121733,
FLG-NAUC-N_landtotalelecdemand_V2,"","North Campus",Gammage,"kW", 04/05/2025 05:00:00 PM,"(UTC-07:00) Arizona",,,9461.199625149842,7193.420837223817,13880.799064097733,
FLG-NAUC-N_landtotalelecdemand_V2,"","North Campus",Gammage,"kW", 04/06/2025 05:00:00 AM,"(UTC-07:00) Arizona",,,7609.42785793998,5487.667017515905,14292.278389749199,
FLG-NAUC-N_landtotalelecdemand_V2,"","North Campus",Gammage,"kW", 04/06/2025 05:00:00 PM,"(UTC-07:00) Arizona",,,9612.25735984526,7995.492365221787,16738.09723752595,
FLG-NAUC-N_landtotalelecdemand_V2,"","North Campus",Gammage,"kW", 04/07/2025 05:00:00 AM,"(UTC-07:00) Arizona",,,21742.271804557357,9639.047198092865,30227.167837084842,
FLG-NAUC-N_landtotalelecdemand_V2,"","North Campus",Gammage,"kW", 04/07/2025 05:00:00 PM,"(UTC-07:00) Arizona",,,13796.594459278464,7474.621599717326,31808.67355054078,
FLG-NAUC-N_landtotalelecdemand_V2,"","North Campus",Gammage,"kW", 04/08/2025 05:00:00 AM,"(UTC-07:00) Arizona",,,20656.204883115282,7178.723235540555,29320.2249165334,
FLG-NAUC-N_landtotalelecdemand_V2,"","North Campus",Gammage,"kW", 04/08/2025 05:00:00 PM,"(UTC-07:00) Arizona",,,12265.703577259192,1768.653233702579,31802.46573685116,
FLG-NAUC-N_landtotalelecdemand_V2,"","North Campus",Gammage,"kW", 04/09/2025 05:00:00 AM,"(UTC-07:00) Arizona",,,2517.8369968010397,1971.1942356366699,2775.624734143074,
FLG-NAUC-N_landtotalelecdemand_V2,"","North Campus",Gammage,"kW", 04/09/2025 05:00:00 PM,"(UTC-07:00) Arizona",,,4209.836347376022,1889.914307627469,12620.99433827188,
FLG-NAUC-N_landtotalelecdemand_V2,"","North Campus",Gammage,"kW", 04/10/2025 05:00:00 AM,"(UTC-07:00) Arizona",,,23386.419687884758,7305.768525366665,32461.836408341187,
FLG-NAUC-N_landtotalelecdemand_V2,"","North Campus",Gammage,"kW", 04/10/2025 05:00:00 PM,"(UTC-07:00) Arizona",,,14822.952881581043,7460.2676929558065,35208.945420241434,
FLG-NAUC-N_landtotalelecdemand_V2,"","North Campus",Gammage,"kW", 04/11/2025 05:00:00 AM,"(UTC-07:00) Arizona",,,22292.843468964646,8044.794189473967,33961.1286798213,
FLG-NAUC-N_landtotalelecdemand_V2,"","North Campus",Gammage,"kW", 04/11/2025 05:00:00 PM,"(UTC-07:00) Arizona",,,9205.187948802331,7022.825209266846,13760.544200977678,
FLG-NAUC-N_landtotalelecdemand_V2,"","North Campus",Gammage,"kW", 04/12/2025 05:00:00 AM,"(UTC-07:00) Arizona",,,7732.649703308914,6031.036802013456,12050.177606413097,
FLG-NAUC-N_landtotalelecdemand_V2,"","North Campus",Gammage,"kW", 04/12/2025 05:00:00 PM,"(UTC-07:00) Arizona",,,8588.18193965989,7521.45737325767,12608.275799141182,
FLG-NAUC-N_landtotalelecdemand_V2,"","North Campus",Gammage,"kW", 04/13/2025 05:00:00 AM,"(UTC-07:00) Arizona",,,7480.412373864638,5848.850920625917,15393.666861515161,
FLG-NAUC-N_landtotalelecdemand_V2,"","North Campus",Gammage,"kW", 04/13/2025 05:00:00 PM,"(UTC-07:00) Arizona",,,8776.110156903227,6448.243102825615,15309.325270229803,
FLG-NAUC-N_landtotalelecdemand_V2,"","North Campus",Gammage,"kW", 04/14/2025 05:00:00 AM,"(UTC-07:00) Arizona",,,22206.089674266263,8978.512683691317,31069.69107391337,
FLG-NAUC-N_landtotalelecdemand_V2,"","North Campus",Gammage,"kW", 04/14/2025 05:00:00 PM,"(UTC-07:00) Arizona",,,14203.099734243187,6942.033353517622,31725.682736431976,
FLG-NAUC-N_landtotalelecdemand_V2,"","North Campus",Gammage,"kW", 04/15/2025 05:00:00 AM,"(UTC-07:00) Arizona",,,20895.222102762506,7407.091642586921,33387.31074010408,
FLG-NAUC-N_landtotalelecdemand_V2,"","North Campus",Gammage,"kW", 04/15/2025 05:00:00 PM,"(UTC-07:00) Arizona",,,12823.228899626776,7196.389893127937,31713.253714028193,
FLG-NAUC-N_landtotalelecdemand_V2,"","North Campus",Gammage,"kW", 04/16/2025 05:00:00 AM,"(UTC-07:00) Arizona",,,20809.11665154522,7724.140010302944,30052.501691139183,
FLG-NAUC-N_landtotalelecdemand_V2,"","North Campus",Gammage,"kW", 04/16/2025 05:00:00 PM,"(UTC-07:00) Arizona",,,11933.428138004745,1908.1050445883695,31652.800565511538,
FLG-NAUC-N_landtotalelecdemand_V2,"","North Campus",Gammage,"kW", 04/17/2025 05:00:00 AM,"(UTC-07:00) Arizona",,,2477.1668184428813,2044.7221566847863,2686.597481950167,
FLG-NAUC-N_landtotalelecdemand_V2,"","North Campus",Gammage,"kW", 04/17/2025 05:00:00 PM,"(UTC-07:00) Arizona",,,4273.694662884067,1837.283920498116,11512.105666458729,
FLG-NAUC-N_landtotalelecdemand_V2,"","North Campus",Gammage,"kW", 04/18/2025 05:00:00 AM,"(UTC-07:00) Arizona",,,20159.269574532173,7176.864047907595,35496.924215629566,
FLG-NAUC-N_landtotalelecdemand_V2,"","North Campus",Gammage,"kW", 04/18/2025 05:00:00 PM,"(UTC-07:00) Arizona",,,8344.744884639978,6638.447192968938,13397.25494590556,
FLG-NAUC-N_landtotalelecdemand_V2,"","North Campus",Gammage,"kW", 04/19/2025 05:00:00 AM,"(UTC-07:00) Arizona",,,7332.14116861019,5738.594280958226,11516.267198912414,
FLG-NAUC-N_landtotalelecdemand_V2,"","North Campus",Gammage,"kW", 04/19/2025 05:00:00 PM,"(UTC-07:00) Arizona",,,9159.412702258816,7256.391796747517,16479.282461427152,
FLG-NAUC-N_landtotalelecdemand_V2,"","North Campus",Gammage,"kW", 04/20/2025 05:00:00 AM,"(UTC-07:00) Arizona",,,7711.323461293702,5837.2093727509855,12199.403229624073,
FLG-NAUC-N_landtotalelecdemand_V2,"","North Campus",Gammage,"kW", 04/20/2025 05:00:00 PM,"(UTC-07:00) Arizona",,,9280.183078591184,7471.824055970213,12704.797265137517,
FLG-NAUC-N_landtotalelecdemand_V2,"","North Campus",Gammage,"kW", 04/21/2025 05:00:00 AM,"(UTC-07:00) Arizona",,,20654.480230018773,9157.09754370793,28732.02231518025,
FLG-NAUC-N_landtotalelecdemand_V2,"","North Campus",Gammage,"kW", 04/21/2025 05:00:00 PM,"(UTC-07:00) Arizona",,,13722.837544422333,7853.070884182113,31542.935312991194,
FLG-NAUC-N_landtotalelecdemand_V2,"","North Campus",Gammage,"kW", 04/22/2025 05:00:00 AM,"(UTC-07:00) Arizona",,,20410.129706423588,7082.945514009448,29278.07693600781,
FLG-NAUC-N_landtotalelecdemand_V2,"","North Campus",Gammage,"kW", 04/22/2025 05:00:00 PM,"(UTC-07:00) Arizona",,,13762.120445042792,7080.229081289733,30298.721215772675,
FLG-NAUC-N_landtotalelecdemand_V2,"","North Campus",Gammage,"kW", 04/23/2025 05:00:00 AM,"(UTC-07:00) Arizona",,,20929.47298255479,7178.7414239992295,30449.872170177507,
FLG-NAUC-N_landtotalelecdemand_V2,"","North Campus",Gammage,"kW", 04/23/2025 05:00:00 PM,"(UTC-07:00) Arizona",,,13326.474476476009,6596.424364288856,29766.739707966808,
FLG-NAUC-N_landtotalelecdemand_V2,"","North Campus",Gammage,"kW", 04/24/2025 05:00:00 AM,"(UTC-07:00) Arizona",,,20378.38743791292,7681.401675482504,28036.55942898616,
FLG-NAUC-N_landtotalelecdemand_V2,"","North Campus",Gammage,"kW", 04/24/2025 05:00:00 PM,"(UTC-07:00) Arizona",,,12100.216533300289,1728.118409128175,33797.42313975914,
FLG-NAUC-N_landtotalelecdemand_V2,"","North Campus",Gammage,"kW", 04/25/2025 05:00:00 AM,"(UTC-07:00) Arizona",,,2367.565145288592,1811.6248075715957,2599.255145173297,
FLG-NAUC-N_landtotalelecdemand_V2,"","North Campus",Gammage,"kW", 04/25/2025 05:00:00 PM,"(UTC-07:00) Arizona",,,1966.7796711672072,1702.0050034205253,2366.5100202018757,
FLG-NAUC-N_landtotalelecdemand_V2,"","North Campus",Gammage,"kW", 04/26/2025 05:00:00 AM,"(UTC-07:00) Arizona",,,5117.752748075663,1776.4331647964107,10965.941502406298,
FLG-NAUC-N_landtotalelecdemand_V2,"","North Campus",Gammage,"kW", 04/26/2025 05:00:00 PM,"(UTC-07:00) Arizona",,,8299.095022997251,7047.222739523822,12775.044655066473,
FLG-NAUC-N_landtotalelecdemand_V2,"","North Campus",Gammage,"kW", 04/27/2025 05:00:00 AM,"(UTC-07:00) Arizona",,,7633.747175855624,6030.529913992583,11442.02012985687,
FLG-NAUC-N_landtotalelecdemand_V2,"","North Campus",Gammage,"kW", 04/27/2025 05:00:00 PM,"(UTC-07:00) Arizona",,,8589.147758934994,7199.675995399407,12080.55265312353,
FLG-NAUC-N_landtotalelecdemand_V2,"","North Campus",Gammage,"kW", 04/28/2025 05:00:00 AM,"(UTC-07:00) Arizona",,,21760.386066580624,8258.929230932501,29030.707980637435,
FLG-NAUC-N_landtotalelecdemand_V2,"","North Campus",Gammage,"kW", 04/28/2025 05:00:00 PM,"(UTC-07:00) Arizona",,,13713.981270318025,6905.34500582332,28773.730733376546,
FLG-NAUC-N_landtotalelecdemand_V2,"","North Campus",Gammage,"kW", 04/29/2025 05:00:00 AM,"(UTC-07:00) Arizona",,,19909.391055629763,7138.416502634516,28664.944939803932,
FLG-NAUC-N_landtotalelecdemand_V2,"","North Campus",Gammage,"kW", 04/29/2025 05:00:00 PM,"(UTC-07:00) Arizona",,,13054.707732093168,6973.879117058712,26463.005170260658,
FLG-NAUC-N_landtotalelecdemand_V2,"","North Campus",Gammage,"kW", 04/30/2025 05:00:00 AM,"(UTC-07:00) Arizona",,,20556.140744093434,7653.205450616764,31820.878189026556,
FLG-NAUC-N_landtotalelecdemand_V2,"","North Campus",Gammage,"kW", 04/30/2025 05:00:00 PM,"(UTC-07:00) Arizona",,,14690.623445513529,8011.581103389594,32798.82525306164,
FLG-NAUC-N_landtotalelecdemand_V2,"","North Campus",Gammage,"kW", 05/01/2025 05:00:00 AM,"(UTC-07:00) Arizona",,,22902.096853523868,13632.49412038666,32673.2868662618,
FLG-NAUC-N_landtotalelecdemand_V2,"","North Campus",Gammage,"kW", 05/01/2025 05:00:00 PM,"(UTC-07:00) Arizona",,,14418.46050448752,7166.522034893678,29819.68791301259,
FLG-NAUC-N_landtotalelecdemand_V2,"","North Campus",Gammage,"kW", 05/02/2025 05:00:00 AM,"(UTC-07:00) Arizona",,,21890.514349432196,13092.697956686461,29939.628941194296,
FLG-NAUC-N_landtotalelecdemand_V2,"","North Campus",Gammage,"kW", 05/02/2025 05:00:00 PM,"(UTC-07:00) Arizona",,,8929.329696417084,7194.529499604654,13499.646573174201,
FLG-NAUC-N_landtotalelecdemand_V2,"","North Campus",Gammage,"kW", 05/03/2025 05:00:00 AM,"(UTC-07:00) Arizona",,,4524.125245491435,2103.3644435355063,11192.91913411622,
FLG-NAUC-N_landtotalelecdemand_V2,"","North Campus",Gammage,"kW", 05/03/2025 05:00:00 PM,"(UTC-07:00) Arizona",,,1908.0472891073928,1659.5030849125235,2123.3379026649995,
FLG-NAUC-N_landtotalelecdemand_V2,"","North Campus",Gammage,"kW", 05/04/2025 05:00:00 AM,"(UTC-07:00) Arizona",,,5842.370174893758,1759.3233592031452,13362.738332134391,
FLG-NAUC-N_landtotalelecdemand_V2,"","North Campus",Gammage,"kW", 05/04/2025 05:00:00 PM,"(UTC-07:00) Arizona",,,9758.347558099376,7577.6696235274185,16921.690482639773,
FLG-NAUC-N_landtotalelecdemand_V2,"","North Campus",Gammage,"kW", 05/05/2025 05:00:00 AM,"(UTC-07:00) Arizona",,,22079.751240196387,11514.735206101475,29308.838178267102,
FLG-NAUC-N_landtotalelecdemand_V2,"","North Campus",Gammage,"kW", 05/05/2025 05:00:00 PM,"(UTC-07:00) Arizona",,,13293.390697648021,7493.571946552922,28254.26231345467,
FLG-NAUC-N_landtotalelecdemand_V2,"","North Campus",Gammage,"kW", 05/06/2025 05:00:00 AM,"(UTC-07:00) Arizona",,,20111.34668625075,7854.790475140065,29341.139971070195,
FLG-NAUC-N_landtotalelecdemand_V2,"","North Campus",Gammage,"kW", 05/06/2025 05:00:00 PM,"(UTC-07:00) Arizona",,,12935.768138183017,7329.817198138103,29016.9467878819,
FLG-NAUC-N_landtotalelecdemand_V2,"","North Campus",Gammage,"kW", 05/07/2025 05:00:00 AM,"(UTC-07:00) Arizona",,,21638.49945996658,7588.647137323778,31829.757149155914,
FLG-NAUC-N_landtotalelecdemand_V2,"","North Campus",Gammage,"kW", 05/07/2025 05:00:00 PM,"(UTC-07:00) Arizona",,,17045.67287962283,7609.375926813034,31394.685169383087,
FLG-NAUC-N_landtotalelecdemand_V2,"","North Campus",Gammage,"kW", 05/08/2025 05:00:00 AM,"(UTC-07:00) Arizona",,,21157.27246330203,13289.85565109002,28286.23682481951,
FLG-NAUC-N_landtotalelecdemand_V2,"","North Campus",Gammage,"kW", 05/08/2025 05:00:00 PM,"(UTC-07:00) Arizona",,,12288.613767717745,7045.538807539511,29448.08989955594,
FLG-NAUC-N_landtotalelecdemand_V2,"","North Campus",Gammage,"kW", 05/09/2025 05:00:00 AM,"(UTC-07:00) Arizona",,,20043.560392629846,6463.665546104394,29127.957428845184,
FLG-NAUC-N_landtotalelecdemand_V2,"","North Campus",Gammage,"kW", 05/09/2025 05:00:00 PM,"(UTC-07:00) Arizona",,,8686.660462161868,6993.300983063931,13353.115502369516,
FLG-NAUC-N_landtotalelecdemand_V2,"","North Campus",Gammage,"kW", 05/10/2025 05:00:00 AM,"(UTC-07:00) Arizona",,,6934.661068488496,5619.717519520362,12097.121564454872,
FLG-NAUC-N_landtotalelecdemand_V2,"","North Campus",Gammage,"kW", 05/10/2025 05:00:00 PM,"(UTC-07:00) Arizona",,,8227.801079086832,6081.680081037168,11856.46118991413,
FLG-NAUC-N_landtotalelecdemand_V2,"","North Campus",Gammage,"kW", 05/11/2025 05:00:00 AM,"(UTC-07:00) Arizona",,,4377.243046168257,1624.5327727467575,11054.058950406372,
FLG-NAUC-N_landtotalelecdemand_V2,"","North Campus",Gammage,"kW", 05/11/2025 05:00:00 PM,"(UTC-07:00) Arizona",,,1672.0503804949406,1574.9515306428175,1772.3349856729465,
FLG-NAUC-N_landtotalelecdemand_V2,"","North Campus",Gammage,"kW", 05/12/2025 05:00:00 AM,"(UTC-07:00) Arizona",,,2051.7370054518833,1680.3731336092224,2221.6306146195334,
FLG-NAUC-N_landtotalelecdemand_V2,"","North Campus",Gammage,"kW", 05/12/2025 05:00:00 PM,"(UTC-07:00) Arizona",,,1755.8784308598435,1105.9387751353593,2082.1913402194937,
FLG-NAUC-N_landtotalelecdemand_V2,"","North Campus",Gammage,"kW", 05/13/2025 05:00:00 AM,"(UTC-07:00) Arizona",,,13362.965496349698,1695.6194578220448,26756.264805093382,
FLG-NAUC-N_landtotalelecdemand_V2,"","North Campus",Gammage,"kW", 05/13/2025 05:00:00 PM,"(UTC-07:00) Arizona",,,12260.924491474996,7183.207026047488,28304.845037944993,
FLG-NAUC-N_landtotalelecdemand_V2,"","North Campus",Gammage,"kW", 05/14/2025 05:00:00 AM,"(UTC-07:00) Arizona",,,19353.87428075293,7318.312418359462,27445.836450085666,
FLG-NAUC-N_landtotalelecdemand_V2,"","North Campus",Gammage,"kW", 05/14/2025 05:00:00 PM,"(UTC-07:00) Arizona",,,12103.95302550526,7159.616491066724,27987.17232218506,
FLG-NAUC-N_landtotalelecdemand_V2,"","North Campus",Gammage,"kW", 05/15/2025 05:00:00 AM,"(UTC-07:00) Arizona",,,19485.445349183214,7923.219279194311,27025.86220259453,
FLG-NAUC-N_landtotalelecdemand_V2,"","North Campus",Gammage,"kW", 05/15/2025 05:00:00 PM,"(UTC-07:00) Arizona",,,11822.41569284579,6876.840993129444,23509.6326649111,
FLG-NAUC-N_landtotalelecdemand_V2,"","North Campus",Gammage,"kW", 05/16/2025 05:00:00 AM,"(UTC-07:00) Arizona",,,6883.062491689199,5631.809737415989,10427.49795254636,
FLG-NAUC-N_landtotalelecdemand_V2,"","North Campus",Gammage,"kW", 05/16/2025 05:00:00 PM,"(UTC-07:00) Arizona",,,8228.072927927375,5995.904050285917,12320.346873042736,
FLG-NAUC-N_landtotalelecdemand_V2,"","North Campus",Gammage,"kW", 05/17/2025 05:00:00 PM,"(UTC-07:00) Arizona",,,7805.5739815634215,6945.191573785459,11756.81733852135,
FLG-NAUC-N_landtotalelecdemand_V2,"","North Campus",Gammage,"kW", 05/18/2025 05:00:00 AM,"(UTC-07:00) Arizona",,,6872.69021846249,5511.928302455346,10285.793185597351,
FLG-NAUC-N_landtotalelecdemand_V2,"","North Campus",Gammage,"kW", 05/18/2025 05:00:00 PM,"(UTC-07:00) Arizona",,,8083.421865675117,5907.650613840817,12882.887710056972,
FLG-NAUC-N_landtotalelecdemand_V2,"","North Campus",Gammage,"kW", 05/19/2025 05:00:00 AM,"(UTC-07:00) Arizona",,,21196.382336751558,7903.743143018131,28355.405567567268,
FLG-NAUC-N_landtotalelecdemand_V2,"","North Campus",Gammage,"kW", 05/19/2025 05:00:00 PM,"(UTC-07:00) Arizona",,,12065.291491937658,6768.525867268702,26393.087625583405,
FLG-NAUC-N_landtotalelecdemand_V2,"","North Campus",Gammage,"kW", 05/20/2025 05:00:00 AM,"(UTC-07:00) Arizona",,,9617.117224021542,2079.71176836582,27223.543836442157,
FLG-NAUC-N_landtotalelecdemand_V2,"","North Campus",Gammage,"kW", 05/20/2025 05:00:00 PM,"(UTC-07:00) Arizona",,,1816.0999394707906,1653.7378731388258,2079.8754341994027,
FLG-NAUC-N_landtotalelecdemand_V2,"","North Campus",Gammage,"kW", 05/21/2025 05:00:00 AM,"(UTC-07:00) Arizona",,,11119.49341300029,1651.550587722114,30374.966358313202,
FLG-NAUC-N_landtotalelecdemand_V2,"","North Campus",Gammage,"kW", 05/21/2025 05:00:00 PM,"(UTC-07:00) Arizona",,,12443.689882774459,6926.849187936412,28058.37256961816,
FLG-NAUC-N_landtotalelecdemand_V2,"","North Campus",Gammage,"kW", 05/22/2025 05:00:00 AM,"(UTC-07:00) Arizona",,,20962.36743787538,7664.285844572086,30802.1916892346,
FLG-NAUC-N_landtotalelecdemand_V2,"","North Campus",Gammage,"kW", 05/22/2025 05:00:00 PM,"(UTC-07:00) Arizona",,,13130.224938441213,7290.665772298094,29473.47787812359,
FLG-NAUC-N_landtotalelecdemand_V2,"","North Campus",Gammage,"kW", 05/23/2025 05:00:00 AM,"(UTC-07:00) Arizona",,,7466.509735982096,5767.706648745236,11120.415358012671,
FLG-NAUC-N_landtotalelecdemand_V2,"","North Campus",Gammage,"kW", 05/23/2025 05:00:00 PM,"(UTC-07:00) Arizona",,,8144.613466844209,6898.677476624646,12046.709021945555,
FLG-NAUC-N_landtotalelecdemand_V2,"","North Campus",Gammage,"kW", 05/24/2025 05:00:00 AM,"(UTC-07:00) Arizona",,,6823.219590283824,5608.866652352496,10980.809414759122,
FLG-NAUC-N_landtotalelecdemand_V2,"","North Campus",Gammage,"kW", 05/24/2025 05:00:00 PM,"(UTC-07:00) Arizona",,,8257.030628757917,6572.846190719754,11792.281636851296,
FLG-NAUC-N_landtotalelecdemand_V2,"","North Campus",Gammage,"kW", 05/25/2025 05:00:00 AM,"(UTC-07:00) Arizona",,,6799.90155155686,5409.706856710293,12244.284822576501,
FLG-NAUC-N_landtotalelecdemand_V2,"","North Campus",Gammage,"kW", 05/25/2025 05:00:00 PM,"(UTC-07:00) Arizona",,,8100.469063132867,6773.1402501207085,12108.107611296093,
FLG-NAUC-N_landtotalelecdemand_V2,"","North Campus",Gammage,"kW", 05/26/2025 05:00:00 AM,"(UTC-07:00) Arizona",,,6901.724288168578,5510.060281210222,11548.246377945128,
FLG-NAUC-N_landtotalelecdemand_V2,"","North Campus",Gammage,"kW", 05/26/2025 05:00:00 PM,"(UTC-07:00) Arizona",,,8682.294203003545,6781.16074921671,13943.1725521168,
FLG-NAUC-N_landtotalelecdemand_V2,"","North Campus",Gammage,"kW", 05/27/2025 05:00:00 AM,"(UTC-07:00) Arizona",,,18382.096180856795,7245.772591736505,26753.630989811216,
FLG-NAUC-N_landtotalelecdemand_V2,"","North Campus",Gammage,"kW", 05/27/2025 05:00:00 PM,"(UTC-07:00) Arizona",,,10736.747927461909,6764.683700651103,21368.346479720283,
FLG-NAUC-N_landtotalelecdemand_V2,"","North Campus",Gammage,"kW", 05/28/2025 05:00:00 AM,"(UTC-07:00) Arizona",,,13021.603727789225,2039.7586357589896,28823.899654014098,
FLG-NAUC-N_landtotalelecdemand_V2,"","North Campus",Gammage,"kW", 05/28/2025 05:00:00 PM,"(UTC-07:00) Arizona",,,1704.8853810259789,1517.1618492750774,2023.7013825260665,
FLG-NAUC-N_landtotalelecdemand_V2,"","North Campus",Gammage,"kW", 05/29/2025 05:00:00 AM,"(UTC-07:00) Arizona",,,1994.9393291568067,1656.9698752474653,2158.792374126072,
FLG-NAUC-N_landtotalelecdemand_V2,"","North Campus",Gammage,"kW", 05/29/2025 05:00:00 PM,"(UTC-07:00) Arizona",,,2815.5441444590083,1529.9612783747032,12091.69215184382,
FLG-NAUC-N_landtotalelecdemand_V2,"","North Campus",Gammage,"kW", 05/30/2025 05:00:00 AM,"(UTC-07:00) Arizona",,,7231.078826755752,5839.3026030856245,12378.38072178966,
FLG-NAUC-N_landtotalelecdemand_V2,"","North Campus",Gammage,"kW", 05/30/2025 05:00:00 PM,"(UTC-07:00) Arizona",,,9184.31651447058,7100.409164688203,13530.109846235913,
FLG-NAUC-N_landtotalelecdemand_V2,"","North Campus",Gammage,"kW", 05/31/2025 05:00:00 AM,"(UTC-07:00) Arizona",,,7395.796852505356,5294.302935685779,12779.824259868634,
FLG-NAUC-N_landtotalelecdemand_V2,"","North Campus",Gammage,"kW", 05/31/2025 05:00:00 PM,"(UTC-07:00) Arizona",,,9185.719411681594,7390.146663229487,14152.9609548852,
FLG-NAUC-N_landtotalelecdemand_V2,"","North Campus",Gammage,"kW", 06/01/2025 05:00:00 AM,"(UTC-07:00) Arizona",,,7853.850866986464,6246.533234742464,13213.556127902233,
FLG-NAUC-N_landtotalelecdemand_V2,"","North Campus",Gammage,"kW", 06/01/2025 05:00:00 PM,"(UTC-07:00) Arizona",,,8602.486328066496,6970.069214173803,13526.112503809463,
FLG-NAUC-N_landtotalelecdemand_V2,"","North Campus",Gammage,"kW", 06/02/2025 05:00:00 AM,"(UTC-07:00) Arizona",,,18655.226047591594,8039.291918771855,28796.34660641612,
FLG-NAUC-N_landtotalelecdemand_V2,"","North Campus",Gammage,"kW", 06/02/2025 05:00:00 PM,"(UTC-07:00) Arizona",,,11401.480305061194,6810.196441693319,24600.284582944045,
FLG-NAUC-N_landtotalelecdemand_V2,"","North Campus",Gammage,"kW", 06/03/2025 05:00:00 AM,"(UTC-07:00) Arizona",,,18457.133180584795,5887.01297773564,27381.152785565395,
FLG-NAUC-N_landtotalelecdemand_V2,"","North Campus",Gammage,"kW", 06/03/2025 05:00:00 PM,"(UTC-07:00) Arizona",,,11959.468978448824,7501.003333242121,24446.308475659105,
FLG-NAUC-N_landtotalelecdemand_V2,"","North Campus",Gammage,"kW", 06/04/2025 05:00:00 AM,"(UTC-07:00) Arizona",,,18345.4088074115,6552.5175982766,26348.542289431094,
FLG-NAUC-N_landtotalelecdemand_V2,"","North Campus",Gammage,"kW", 06/04/2025 05:00:00 PM,"(UTC-07:00) Arizona",,,11464.786804683623,6990.247993352208,24885.21371288439,
FLG-NAUC-N_landtotalelecdemand_V2,"","North Campus",Gammage,"kW", 06/05/2025 05:00:00 AM,"(UTC-07:00) Arizona",,,17764.62774777016,6177.391029837938,25758.703194552752,
FLG-NAUC-N_landtotalelecdemand_V2,"","North Campus",Gammage,"kW", 06/05/2025 05:00:00 PM,"(UTC-07:00) Arizona",,,10818.653903033954,1647.2458383209457,21921.9256251456,
FLG-NAUC-N_landtotalelecdemand_V2,"","North Campus",Gammage,"kW", 06/06/2025 05:00:00 AM,"(UTC-07:00) Arizona",,,1877.772146521914,1617.2066553075892,2090.5766558476257,
FLG-NAUC-N_landtotalelecdemand_V2,"","North Campus",Gammage,"kW", 06/06/2025 05:00:00 PM,"(UTC-07:00) Arizona",,,1698.1492417256777,1565.2807274208053,1883.4886198202619,
FLG-NAUC-N_landtotalelecdemand_V2,"","North Campus",Gammage,"kW", 06/07/2025 05:00:00 AM,"(UTC-07:00) Arizona",,,1806.3979808990625,1664.0727415919616,1919.7858019069902,
FLG-NAUC-N_landtotalelecdemand_V2,"","North Campus",Gammage,"kW", 06/07/2025 05:00:00 PM,"(UTC-07:00) Arizona",,,2900.445513321715,1590.354694099281,8626.744192458247,
FLG-NAUC-N_landtotalelecdemand_V2,"","North Campus",Gammage,"kW", 06/08/2025 05:00:00 AM,"(UTC-07:00) Arizona",,,6819.8858591736425,5319.287230341962,13357.526217018089,
FLG-NAUC-N_landtotalelecdemand_V2,"","North Campus",Gammage,"kW", 06/08/2025 05:00:00 PM,"(UTC-07:00) Arizona",,,8695.92355824725,6943.146615417308,12929.419187826454,
FLG-NAUC-N_landtotalelecdemand_V2,"","North Campus",Gammage,"kW", 06/09/2025 05:00:00 AM,"(UTC-07:00) Arizona",,,20312.57880862165,7237.736845126909,27248.87990468055,
FLG-NAUC-N_landtotalelecdemand_V2,"","North Campus",Gammage,"kW", 06/09/2025 05:00:00 PM,"(UTC-07:00) Arizona",,,12004.639906828925,7118.330586031418,26800.23638793762,
FLG-NAUC-N_landtotalelecdemand_V2,"","North Campus",Gammage,"kW", 06/10/2025 05:00:00 AM,"(UTC-07:00) Arizona",,,20356.850831087188,6074.9791232397565,29140.264124488604,
FLG-NAUC-N_landtotalelecdemand_V2,"","North Campus",Gammage,"kW", 06/10/2025 05:00:00 PM,"(UTC-07:00) Arizona",,,11948.996073511507,7018.990411764059,26415.787160183278,
FLG-NAUC-N_landtotalelecdemand_V2,"","North Campus",Gammage,"kW", 06/11/2025 05:00:00 AM,"(UTC-07:00) Arizona",,,19261.27919416094,6959.275418778161,32961.42286942776,
FLG-NAUC-N_landtotalelecdemand_V2,"","North Campus",Gammage,"kW", 06/11/2025 05:00:00 PM,"(UTC-07:00) Arizona",,,13215.300762718429,8855.8634736049,24953.01006940827,
FLG-NAUC-N_landtotalelecdemand_V2,"","North Campus",Gammage,"kW", 06/12/2025 05:00:00 AM,"(UTC-07:00) Arizona",,,20815.86840924609,8123.563990695194,28029.147052043503,
FLG-NAUC-N_landtotalelecdemand_V2,"","North Campus",Gammage,"kW", 06/12/2025 05:00:00 PM,"(UTC-07:00) Arizona",,,13889.086660225292,7620.201120603872,28229.056966834847,
FLG-NAUC-N_landtotalelecdemand_V2,"","North Campus",Gammage,"kW", 06/13/2025 05:00:00 AM,"(UTC-07:00) Arizona",,,7775.623977843868,5908.044759441115,13758.377380336067,
FLG-NAUC-N_landtotalelecdemand_V2,"","North Campus",Gammage,"kW", 06/13/2025 05:00:00 PM,"(UTC-07:00) Arizona",,,10011.699190023919,7730.1951977128,14977.919109843264,
FLG-NAUC-N_landtotalelecdemand_V2,"","North Campus",Gammage,"kW", 06/14/2025 05:00:00 AM,"(UTC-07:00) Arizona",,,7941.013283950373,6157.101246668484,13722.826169230697,
FLG-NAUC-N_landtotalelecdemand_V2,"","North Campus",Gammage,"kW", 06/14/2025 05:00:00 PM,"(UTC-07:00) Arizona",,,9053.132774901314,1589.1927388120926,15297.491630258266,
FLG-NAUC-N_landtotalelecdemand_V2,"","North Campus",Gammage,"kW", 06/15/2025 05:00:00 AM,"(UTC-07:00) Arizona",,,1689.9660662509116,1529.6319380807465,1886.5820119673228,
FLG-NAUC-N_landtotalelecdemand_V2,"","North Campus",Gammage,"kW", 06/15/2025 05:00:00 PM,"(UTC-07:00) Arizona",,,7898.839329730386,1491.6245909881666,15601.79341082485,
FLG-NAUC-N_landtotalelecdemand_V2,"","North Campus",Gammage,"kW", 06/16/2025 05:00:00 AM,"(UTC-07:00) Arizona",,,20869.368583540876,10404.934427731207,27157.903764755607,
FLG-NAUC-N_landtotalelecdemand_V2,"","North Campus",Gammage,"kW", 06/16/2025 05:00:00 PM,"(UTC-07:00) Arizona",,,13699.025891844956,8015.783602571992,23793.945793165512,
FLG-NAUC-N_landtotalelecdemand_V2,"","North Campus",Gammage,"kW", 06/17/2025 05:00:00 AM,"(UTC-07:00) Arizona",,,21528.834639289133,8886.297218228367,30779.601284462784,
FLG-NAUC-N_landtotalelecdemand_V2,"","North Campus",Gammage,"kW", 06/17/2025 05:00:00 PM,"(UTC-07:00) Arizona",,,13092.167538313379,7488.842770859074,24541.503467607545,
FLG-NAUC-N_landtotalelecdemand_V2,"","North Campus",Gammage,"kW", 06/18/2025 05:00:00 AM,"(UTC-07:00) Arizona",,,21500.391957632375,9100.862510145076,30126.18744342041,
FLG-NAUC-N_landtotalelecdemand_V2,"","North Campus",Gammage,"kW", 06/18/2025 05:00:00 PM,"(UTC-07:00) Arizona",,,13720.604046011997,8410.875213217443,27321.959952995905,
FLG-NAUC-N_landtotalelecdemand_V2,"","North Campus",Gammage,"kW", 06/19/2025 05:00:00 AM,"(UTC-07:00) Arizona",,,8552.33588156844,6620.568957972965,12111.142050711183,
FLG-NAUC-N_landtotalelecdemand_V2,"","North Campus",Gammage,"kW", 06/23/2025 05:00:00 AM,"(UTC-07:00) Arizona",,,24834.573078618316,21546.66618859846,30802.298521007164,
FLG-NAUC-N_landtotalelecdemand_V2,"","North Campus",Gammage,"kW", 06/23/2025 05:00:00 PM,"(UTC-07:00) Arizona",,,12755.834365765599,7531.773129263017,24937.70653655069,
FLG-NAUC-N_landtotalelecdemand_V2,"","North Campus",Gammage,"kW", 06/24/2025 05:00:00 AM,"(UTC-07:00) Arizona",,,19701.352531013486,6396.992844355299,27138.021842796657,
FLG-NAUC-N_landtotalelecdemand_V2,"","North Campus",Gammage,"kW", 06/24/2025 05:00:00 PM,"(UTC-07:00) Arizona",,,13466.64690318587,7536.475665161568,25245.90213797296,
FLG-NAUC-N_landtotalelecdemand_V2,"","North Campus",Gammage,"kW", 06/25/2025 05:00:00 AM,"(UTC-07:00) Arizona",,,22487.155357079806,13547.598052784497,27730.695806758653,
FLG-NAUC-N_landtotalelecdemand_V2,"","North Campus",Gammage,"kW", 06/25/2025 05:00:00 PM,"(UTC-07:00) Arizona",,,12778.292146066344,7910.46781156881,24891.488130110494,
FLG-NAUC-N_landtotalelecdemand_V2,"","North Campus",Gammage,"kW", 06/26/2025 05:00:00 AM,"(UTC-07:00) Arizona",,,19812.268055437984,7851.71398497414,33174.86064270218,
FLG-NAUC-N_landtotalelecdemand_V2,"","North Campus",Gammage,"kW", 06/26/2025 05:00:00 PM,"(UTC-07:00) Arizona",,,12579.563618353757,8144.757831997378,24951.766043985994,
FLG-NAUC-N_landtotalelecdemand_V2,"","North Campus",Gammage,"kW", 06/27/2025 05:00:00 AM,"(UTC-07:00) Arizona",,,8669.024005968977,6814.90733702927,13081.709483138406,
FLG-NAUC-N_landtotalelecdemand_V2,"","North Campus",Gammage,"kW", 06/27/2025 05:00:00 PM,"(UTC-07:00) Arizona",,,10738.550420864585,8148.178163766882,13723.698700612507,
FLG-NAUC-N_landtotalelecdemand_V2,"","North Campus",Gammage,"kW", 06/28/2025 05:00:00 AM,"(UTC-07:00) Arizona",,,9251.916799944736,6687.827975025469,14312.614217186034,
FLG-NAUC-N_landtotalelecdemand_V2,"","North Campus",Gammage,"kW", 06/28/2025 05:00:00 PM,"(UTC-07:00) Arizona",,,10880.415895105076,8677.389307531172,15966.75457217326,
FLG-NAUC-N_landtotalelecdemand_V2,"","North Campus",Gammage,"kW", 06/29/2025 05:00:00 AM,"(UTC-07:00) Arizona",,,10385.363508529561,6866.954506839296,17479.192809717006,
FLG-NAUC-N_landtotalelecdemand_V2,"","North Campus",Gammage,"kW", 06/29/2025 05:00:00 PM,"(UTC-07:00) Arizona",,,11820.413247557824,9082.745245878687,19065.526274229287,
FLG-NAUC-N_landtotalelecdemand_V2,"","North Campus",Gammage,"kW", 06/30/2025 05:00:00 AM,"(UTC-07:00) Arizona",,,11516.120767033211,2229.023966901186,24277.13969706664,
FLG-NAUC-N_landtotalelecdemand_V2,"","North Campus",Gammage,"kW", 06/30/2025 05:00:00 PM,"(UTC-07:00) Arizona",,,12207.404031213287,8712.720633884686,21817.355051100752,
FLG-NAUC-N_landtotalelecdemand_V2,"","North Campus",Gammage,"kW", 07/01/2025 05:00:00 AM,"(UTC-07:00) Arizona",,,18675.088523356007,9990.604877269938,26202.974285679153,
FLG-NAUC-N_landtotalelecdemand_V2,"","North Campus",Gammage,"kW", 07/01/2025 05:00:00 PM,"(UTC-07:00) Arizona",,,11657.250227775205,7805.254975973697,21907.447532635844,
FLG-NAUC-N_landtotalelecdemand_V2,"","North Campus",Gammage,"kW", 07/02/2025 05:00:00 AM,"(UTC-07:00) Arizona",,,19049.47587813572,9412.425021577996,25000.12616964175,
FLG-NAUC-N_landtotalelecdemand_V2,"","North Campus",Gammage,"kW", 07/02/2025 05:00:00 PM,"(UTC-07:00) Arizona",,,10887.949886267106,7507.092124346696,20981.928074133346,
FLG-NAUC-N_landtotalelecdemand_V2,"","North Campus",Gammage,"kW", 07/03/2025 05:00:00 AM,"(UTC-07:00) Arizona",,,7471.640199085746,6211.813833884706,11479.993134323606,
FLG-NAUC-N_landtotalelecdemand_V2,"","North Campus",Gammage,"kW", 07/03/2025 05:00:00 PM,"(UTC-07:00) Arizona",,,8541.795238147908,6525.727910394241,12009.875418378164,
FLG-NAUC-N_landtotalelecdemand_V2,"","North Campus",Gammage,"kW", 07/04/2025 05:00:00 AM,"(UTC-07:00) Arizona",,,7370.841244464842,6055.655007620776,11053.140362289812,
FLG-NAUC-N_landtotalelecdemand_V2,"","North Campus",Gammage,"kW", 07/04/2025 05:00:00 PM,"(UTC-07:00) Arizona",,,8407.982257407311,7349.446413392394,11639.01620722913,
FLG-NAUC-N_landtotalelecdemand_V2,"","North Campus",Gammage,"kW", 07/05/2025 05:00:00 AM,"(UTC-07:00) Arizona",,,7270.428858330334,6076.760013849925,11971.206165011465,
FLG-NAUC-N_landtotalelecdemand_V2,"","North Campus",Gammage,"kW", 07/05/2025 05:00:00 PM,"(UTC-07:00) Arizona",,,8419.750291145758,6604.511792424849,12383.044018038769,
FLG-NAUC-N_landtotalelecdemand_V2,"","North Campus",Gammage,"kW", 07/06/2025 05:00:00 AM,"(UTC-07:00) Arizona",,,7307.851940956345,6223.987583519934,11618.83688799483,
FLG-NAUC-N_landtotalelecdemand_V2,"","North Campus",Gammage,"kW", 07/06/2025 05:00:00 PM,"(UTC-07:00) Arizona",,,9083.489392492555,6631.169109807537,18887.06972926462,
FLG-NAUC-N_landtotalelecdemand_V2,"","North Campus",Gammage,"kW", 07/07/2025 05:00:00 AM,"(UTC-07:00) Arizona",,,14837.961034509508,1707.8099733608697,21522.962902437415,
FLG-NAUC-N_landtotalelecdemand_V2,"","North Campus",Gammage,"kW", 07/07/2025 05:00:00 PM,"(UTC-07:00) Arizona",,,1478.8751220650674,1345.0710983043573,1708.3851072914852,
FLG-NAUC-N_landtotalelecdemand_V2,"","North Campus",Gammage,"kW", 07/08/2025 05:00:00 AM,"(UTC-07:00) Arizona",,,4986.46173735322,1397.3286845906373,32477.68747147592,
FLG-NAUC-N_landtotalelecdemand_V2,"","North Campus",Gammage,"kW", 07/08/2025 05:00:00 PM,"(UTC-07:00) Arizona",,,14075.109339422948,7727.485038290953,32145.762114998324,
FLG-NAUC-N_landtotalelecdemand_V2,"","North Campus",Gammage,"kW", 07/09/2025 05:00:00 AM,"(UTC-07:00) Arizona",,,22373.350317304306,8661.969920664138,33180.14146245731,
FLG-NAUC-N_landtotalelecdemand_V2,"","North Campus",Gammage,"kW", 07/09/2025 05:00:00 PM,"(UTC-07:00) Arizona",,,12866.929408200624,7690.601816770694,27862.667057990377,
FLG-NAUC-N_landtotalelecdemand_V2,"","North Campus",Gammage,"kW", 07/10/2025 05:00:00 AM,"(UTC-07:00) Arizona",,,19350.961804588427,9752.693383142441,27965.126352926593,
FLG-NAUC-N_landtotalelecdemand_V2,"","North Campus",Gammage,"kW", 07/10/2025 05:00:00 PM,"(UTC-07:00) Arizona",,,9122.325693888231,7883.224496298994,12444.650491819924,
FLG-NAUC-N_landtotalelecdemand_V2,"","North Campus",Gammage,"kW", 07/11/2025 05:00:00 AM,"(UTC-07:00) Arizona",,,8204.884292268594,6934.552497670926,12713.814794941452,
FLG-NAUC-N_landtotalelecdemand_V2,"","North Campus",Gammage,"kW", 07/11/2025 05:00:00 PM,"(UTC-07:00) Arizona",,,9537.51891643396,8129.560535676362,13766.133906139938,
FLG-NAUC-N_landtotalelecdemand_V2,"","North Campus",Gammage,"kW", 07/12/2025 05:00:00 AM,"(UTC-07:00) Arizona",,,8130.709443676384,6533.424867948374,11329.069322281606,
FLG-NAUC-N_landtotalelecdemand_V2,"","North Campus",Gammage,"kW", 07/12/2025 05:00:00 PM,"(UTC-07:00) Arizona",,,9266.427886992115,8006.046952903494,13906.478938739583,
FLG-NAUC-N_landtotalelecdemand_V2,"","North Campus",Gammage,"kW", 07/13/2025 05:00:00 AM,"(UTC-07:00) Arizona",,,8015.79520587141,6233.170607232042,12135.259589771034,
FLG-NAUC-N_landtotalelecdemand_V2,"","North Campus",Gammage,"kW", 07/13/2025 05:00:00 PM,"(UTC-07:00) Arizona",,,9334.685910240501,7856.275088480817,12979.966654782722,
FLG-NAUC-N_landtotalelecdemand_V2,"","North Campus",Gammage,"kW", 07/14/2025 05:00:00 AM,"(UTC-07:00) Arizona",,,22859.73573178441,10780.024551948189,28100.418976296012,
FLG-NAUC-N_landtotalelecdemand_V2,"","North Campus",Gammage,"kW", 07/14/2025 05:00:00 PM,"(UTC-07:00) Arizona",,,22677.60790942243,21537.87921558482,23527.394720066848,
FLG-NAUC-N_landtotalelecdemand_V2,"","North Campus",Gammage,"kW", 07/15/2025 05:00:00 AM,"(UTC-07:00) Arizona",,,21779.193231349072,2125.3988839979106,29896.67742883827,
FLG-NAUC-N_landtotalelecdemand_V2,"","North Campus",Gammage,"kW", 07/15/2025 05:00:00 PM,"(UTC-07:00) Arizona",,,1702.7109237877037,1364.75736363556,2089.549616000925,
FLG-NAUC-N_landtotalelecdemand_V2,"","North Campus",Gammage,"kW", 07/16/2025 05:00:00 AM,"(UTC-07:00) Arizona",,,1970.5909528177956,1441.7128900198923,2270.2372619193634,
FLG-NAUC-N_landtotalelecdemand_V2,"","North Campus",Gammage,"kW", 07/16/2025 05:00:00 PM,"(UTC-07:00) Arizona",,,1683.7785721867078,1371.1320114922682,2064.6085012206186,
FLG-NAUC-N_landtotalelecdemand_V2,"","North Campus",Gammage,"kW", 07/17/2025 05:00:00 AM,"(UTC-07:00) Arizona",,,12428.795655516862,1563.9238226490702,27858.137954165253,
FLG-NAUC-N_landtotalelecdemand_V2,"","North Campus",Gammage,"kW", 07/17/2025 05:00:00 PM,"(UTC-07:00) Arizona",,,12785.848964654766,7473.259572324126,25185.399862632545,
FLG-NAUC-N_landtotalelecdemand_V2,"","North Campus",Gammage,"kW", 07/18/2025 05:00:00 AM,"(UTC-07:00) Arizona",,,7976.162416953519,6614.386612894869,12667.52803858126,
FLG-NAUC-N_landtotalelecdemand_V2,"","North Campus",Gammage,"kW", 07/18/2025 05:00:00 PM,"(UTC-07:00) Arizona",,,9123.094692346698,7378.035520407145,13163.72410517217,
FLG-NAUC-N_landtotalelecdemand_V2,"","North Campus",Gammage,"kW", 07/19/2025 05:00:00 AM,"(UTC-07:00) Arizona",,,7864.395168714006,6071.676349221012,11954.551836339724,
FLG-NAUC-N_landtotalelecdemand_V2,"","North Campus",Gammage,"kW", 07/19/2025 05:00:00 PM,"(UTC-07:00) Arizona",,,8986.62043004279,7371.156937466916,13051.33522654582,
FLG-NAUC-N_landtotalelecdemand_V2,"","North Campus",Gammage,"kW", 07/20/2025 05:00:00 AM,"(UTC-07:00) Arizona",,,7733.174376234194,6467.634585022799,12210.401851649085,
FLG-NAUC-N_landtotalelecdemand_V2,"","North Campus",Gammage,"kW", 07/20/2025 05:00:00 PM,"(UTC-07:00) Arizona",,,8976.612190206084,7793.167235742013,12250.780163817559,
FLG-NAUC-N_landtotalelecdemand_V2,"","North Campus",Gammage,"kW", 07/21/2025 05:00:00 AM,"(UTC-07:00) Arizona",,,19675.73300822278,8469.062152438193,26866.903026852924,
FLG-NAUC-N_landtotalelecdemand_V2,"","North Campus",Gammage,"kW", 07/21/2025 05:00:00 PM,"(UTC-07:00) Arizona",,,12076.422234211559,7305.84472512928,25111.128666147306,
FLG-NAUC-N_landtotalelecdemand_V2,"","North Campus",Gammage,"kW", 07/22/2025 05:00:00 AM,"(UTC-07:00) Arizona",,,18765.328302506896,7544.016097007482,26079.203596928903,
FLG-NAUC-N_landtotalelecdemand_V2,"","North Campus",Gammage,"kW", 07/22/2025 05:00:00 PM,"(UTC-07:00) Arizona",,,12103.550347261951,7419.817639994154,25553.770228797006,
FLG-NAUC-N_landtotalelecdemand_V2,"","North Campus",Gammage,"kW", 07/23/2025 05:00:00 AM,"(UTC-07:00) Arizona",,,19674.983688740092,7601.986687062622,27684.987774050485,
FLG-NAUC-N_landtotalelecdemand_V2,"","North Campus",Gammage,"kW", 07/23/2025 05:00:00 PM,"(UTC-07:00) Arizona",,,12372.125045994553,7184.222302781597,27247.337459196922,
FLG-NAUC-N_landtotalelecdemand_V2,"","North Campus",Gammage,"kW", 07/24/2025 05:00:00 AM,"(UTC-07:00) Arizona",,,11821.26186415011,1697.3787300704348,26806.820788639725,
FLG-NAUC-N_landtotalelecdemand_V2,"","North Campus",Gammage,"kW", 07/24/2025 05:00:00 PM,"(UTC-07:00) Arizona",,,1450.0978232756156,1326.6980488168006,1729.5682217314084,
FLG-NAUC-N_landtotalelecdemand_V2,"","North Campus",Gammage,"kW", 07/25/2025 05:00:00 AM,"(UTC-07:00) Arizona",,,4281.478272031606,1359.9258606893745,11813.128834893627,
FLG-NAUC-N_landtotalelecdemand_V2,"","North Campus",Gammage,"kW", 07/25/2025 05:00:00 PM,"(UTC-07:00) Arizona",,,8825.608467063696,7195.999582065902,13064.911989476896,
FLG-NAUC-N_landtotalelecdemand_V2,"","North Campus",Gammage,"kW", 07/26/2025 05:00:00 AM,"(UTC-07:00) Arizona",,,7437.5107536817895,5511.9377412284775,11329.738321924096,
FLG-NAUC-N_landtotalelecdemand_V2,"","North Campus",Gammage,"kW", 07/26/2025 05:00:00 PM,"(UTC-07:00) Arizona",,,9037.031020505654,7220.864175066367,12729.907465818986,
FLG-NAUC-N_landtotalelecdemand_V2,"","North Campus",Gammage,"kW", 07/27/2025 05:00:00 AM,"(UTC-07:00) Arizona",,,7508.837052483758,6179.274334909386,12000.817276743743,
FLG-NAUC-N_landtotalelecdemand_V2,"","North Campus",Gammage,"kW", 07/27/2025 05:00:00 PM,"(UTC-07:00) Arizona",,,8818.644457021697,6536.0792901793975,13353.80706304765,
FLG-NAUC-N_landtotalelecdemand_V2,"","North Campus",Gammage,"kW", 07/28/2025 05:00:00 AM,"(UTC-07:00) Arizona",,,19379.907787661286,7631.37917986271,27627.888742552477,
FLG-NAUC-N_landtotalelecdemand_V2,"","North Campus",Gammage,"kW", 07/28/2025 05:00:00 PM,"(UTC-07:00) Arizona",,,12309.688565272656,7149.759578025364,23104.37531029239,
FLG-NAUC-N_landtotalelecdemand_V2,"","North Campus",Gammage,"kW", 07/29/2025 05:00:00 AM,"(UTC-07:00) Arizona",,,19176.219047678263,7155.353026785824,26733.908505151736,
FLG-NAUC-N_landtotalelecdemand_V2,"","North Campus",Gammage,"kW", 07/29/2025 05:00:00 PM,"(UTC-07:00) Arizona",,,12291.542061358075,6967.144476048017,26391.984787078298,
FLG-NAUC-N_landtotalelecdemand_V2,"","North Campus",Gammage,"kW", 07/30/2025 05:00:00 AM,"(UTC-07:00) Arizona",,,20249.240465822764,7001.137924527022,28205.11940894945,
FLG-NAUC-N_landtotalelecdemand_V2,"","North Campus",Gammage,"kW", 07/30/2025 05:00:00 PM,"(UTC-07:00) Arizona",,,12650.24659059233,7686.985040432638,25980.992630271416,
FLG-NAUC-N_landtotalelecdemand_V2,"","North Campus",Gammage,"kW", 07/31/2025 05:00:00 AM,"(UTC-07:00) Arizona",,,20244.379276599055,7745.31006412129,28153.71046476042,
FLG-NAUC-N_landtotalelecdemand_V2,"","North Campus",Gammage,"kW", 07/31/2025 05:00:00 PM,"(UTC-07:00) Arizona",,,12527.39027498937,7919.420362228049,26507.77053046685,
FLG-NAUC-N_landtotalelecdemand_V2,"","North Campus",Gammage,"kW", 08/01/2025 05:00:00 AM,"(UTC-07:00) Arizona",,,5374.580867545205,1585.9092296955578,11389.53444067494,
FLG-NAUC-N_landtotalelecdemand_V2,"","North Campus",Gammage,"kW", 08/01/2025 05:00:00 PM,"(UTC-07:00) Arizona",,,1505.6048348730683,1401.2110804627378,1639.4001292157052,
FLG-NAUC-N_landtotalelecdemand_V2,"","North Campus",Gammage,"kW", 08/02/2025 05:00:00 AM,"(UTC-07:00) Arizona",,,4279.675830116903,1385.6956099080683,11020.120410588932,
FLG-NAUC-N_landtotalelecdemand_V2,"","North Campus",Gammage,"kW", 08/02/2025 05:00:00 PM,"(UTC-07:00) Arizona",,,8674.350259267369,7022.491906451295,12922.859658606254,
FLG-NAUC-N_landtotalelecdemand_V2,"","North Campus",Gammage,"kW", 08/03/2025 05:00:00 AM,"(UTC-07:00) Arizona",,,7510.657336605018,6224.498722214414,11849.448168007844,
FLG-NAUC-N_landtotalelecdemand_V2,"","North Campus",Gammage,"kW", 08/03/2025 05:00:00 PM,"(UTC-07:00) Arizona",,,8814.179492854959,7357.554163998539,13634.254121910491,
FLG-NAUC-N_landtotalelecdemand_V2,"","North Campus",Gammage,"kW", 08/04/2025 05:00:00 AM,"(UTC-07:00) Arizona",,,20616.44899953149,7792.546045864347,28965.48288504651,
FLG-NAUC-N_landtotalelecdemand_V2,"","North Campus",Gammage,"kW", 08/04/2025 05:00:00 PM,"(UTC-07:00) Arizona",,,12447.491501357443,7372.989579095747,26759.7226619955,
FLG-NAUC-N_landtotalelecdemand_V2,"","North Campus",Gammage,"kW", 08/05/2025 05:00:00 AM,"(UTC-07:00) Arizona",,,20916.730466153687,7418.548917169216,31932.152653294303,
FLG-NAUC-N_landtotalelecdemand_V2,"","North Campus",Gammage,"kW", 08/05/2025 05:00:00 PM,"(UTC-07:00) Arizona",,,12445.965245131836,7269.628288137287,26199.605877433238,
FLG-NAUC-N_landtotalelecdemand_V2,"","North Campus",Gammage,"kW", 08/06/2025 05:00:00 AM,"(UTC-07:00) Arizona",,,20772.65921484257,8225.622341951952,28184.8567235164,
FLG-NAUC-N_landtotalelecdemand_V2,"","North Campus",Gammage,"kW", 08/06/2025 05:00:00 PM,"(UTC-07:00) Arizona",,,12618.10931279736,7796.051386810693,26097.19610220031,
FLG-NAUC-N_landtotalelecdemand_V2,"","North Campus",Gammage,"kW", 08/07/2025 05:00:00 AM,"(UTC-07:00) Arizona",,,20928.984812992276,8304.493493915938,29360.88858749889,
FLG-NAUC-N_landtotalelecdemand_V2,"","North Campus",Gammage,"kW", 08/07/2025 05:00:00 PM,"(UTC-07:00) Arizona",,,12447.23662028407,7599.028295760326,26210.043503957902,
FLG-NAUC-N_landtotalelecdemand_V2,"","North Campus",Gammage,"kW", 08/08/2025 05:00:00 AM,"(UTC-07:00) Arizona",,,8530.730490119258,6858.057357798275,13675.925435256151,
FLG-NAUC-N_landtotalelecdemand_V2,"","North Campus",Gammage,"kW", 08/08/2025 05:00:00 PM,"(UTC-07:00) Arizona",,,9126.488535902798,7596.232523376542,13482.784591453143,
FLG-NAUC-N_landtotalelecdemand_V2,"","North Campus",Gammage,"kW", 08/09/2025 05:00:00 AM,"(UTC-07:00) Arizona",,,5277.117396866854,1496.387826576821,10936.26381302342,
FLG-NAUC-N_landtotalelecdemand_V2,"","North Campus",Gammage,"kW", 08/09/2025 05:00:00 PM,"(UTC-07:00) Arizona",,,1457.478690892617,1354.8961790069636,1577.9173767423272,
FLG-NAUC-N_landtotalelecdemand_V2,"","North Campus",Gammage,"kW", 08/10/2025 05:00:00 AM,"(UTC-07:00) Arizona",,,1443.7069665969864,1340.0929635379257,1557.2000571731887,
FLG-NAUC-N_landtotalelecdemand_V2,"","North Campus",Gammage,"kW", 08/10/2025 05:00:00 PM,"(UTC-07:00) Arizona",,,7223.402476037107,1436.6505487345707,12266.37403380355,
FLG-NAUC-N_landtotalelecdemand_V2,"","North Campus",Gammage,"kW", 08/11/2025 05:00:00 AM,"(UTC-07:00) Arizona",,,18847.466709558867,8320.512208317541,25169.52764889652,
FLG-NAUC-N_landtotalelecdemand_V2,"","North Campus",Gammage,"kW", 08/11/2025 05:00:00 PM,"(UTC-07:00) Arizona",,,12523.573369119455,7508.708303632853,26573.465061600007,
FLG-NAUC-N_landtotalelecdemand_V2,"","North Campus",Gammage,"kW", 08/12/2025 05:00:00 AM,"(UTC-07:00) Arizona",,,19247.303100794707,7506.639951666253,26751.92941255181,
FLG-NAUC-N_landtotalelecdemand_V2,"","North Campus",Gammage,"kW", 08/12/2025 05:00:00 PM,"(UTC-07:00) Arizona",,,12214.957897181688,7727.085606397529,25723.987192485605,
FLG-NAUC-N_landtotalelecdemand_V2,"","North Campus",Gammage,"kW", 08/13/2025 05:00:00 AM,"(UTC-07:00) Arizona",,,19269.240333895712,7376.548838296923,26236.445035877492,
FLG-NAUC-N_landtotalelecdemand_V2,"","North Campus",Gammage,"kW", 08/13/2025 05:00:00 PM,"(UTC-07:00) Arizona",,,12002.583372841687,7099.17288577764,26136.375599856314,
FLG-NAUC-N_landtotalelecdemand_V2,"","North Campus",Gammage,"kW", 08/14/2025 05:00:00 AM,"(UTC-07:00) Arizona",,,19443.672031156006,7624.328060010662,27902.159402524885,
FLG-NAUC-N_landtotalelecdemand_V2,"","North Campus",Gammage,"kW", 08/14/2025 05:00:00 PM,"(UTC-07:00) Arizona",,,11718.26223782831,7004.896258905821,25601.24062604238,
FLG-NAUC-N_landtotalelecdemand_V2,"","North Campus",Gammage,"kW", 08/15/2025 05:00:00 AM,"(UTC-07:00) Arizona",,,18682.435702273193,7069.87719145808,27364.86383897027,
FLG-NAUC-N_landtotalelecdemand_V2,"","North Campus",Gammage,"kW", 08/15/2025 05:00:00 PM,"(UTC-07:00) Arizona",,,8211.178198845393,6958.410722674972,11865.788443247766,
FLG-NAUC-N_landtotalelecdemand_V2,"","North Campus",Gammage,"kW", 08/16/2025 05:00:00 AM,"(UTC-07:00) Arizona",,,7153.151645687427,5751.752853999246,11279.644819714556,
FLG-NAUC-N_landtotalelecdemand_V2,"","North Campus",Gammage,"kW", 08/16/2025 05:00:00 PM,"(UTC-07:00) Arizona",,,8515.01018497411,7003.396520132954,12850.906238079224,
FLG-NAUC-N_landtotalelecdemand_V2,"","North Campus",Gammage,"kW", 08/17/2025 05:00:00 AM,"(UTC-07:00) Arizona",,,9399.742670973337,5830.738064221822,13128.254407952807,
FLG-NAUC-N_landtotalelecdemand_V2,"","North Campus",Gammage,"kW", 08/17/2025 05:00:00 PM,"(UTC-07:00) Arizona",,,3596.0590253901732,1372.5982923490421,12993.27807787989,
FLG-NAUC-N_landtotalelecdemand_V2,"","North Campus",Gammage,"kW", 08/18/2025 05:00:00 AM,"(UTC-07:00) Arizona",,,1844.2614517613665,1425.4242557983678,2092.289666873206,
FLG-NAUC-N_landtotalelecdemand_V2,"","North Campus",Gammage,"kW", 08/18/2025 05:00:00 PM,"(UTC-07:00) Arizona",,,7227.126831912086,1604.8362403373926,21290.136734141797,
FLG-NAUC-N_landtotalelecdemand_V2,"","North Campus",Gammage,"kW", 08/19/2025 05:00:00 AM,"(UTC-07:00) Arizona",,,19006.274153502265,7156.1172362372,28346.63223810853,
FLG-NAUC-N_landtotalelecdemand_V2,"","North Campus",Gammage,"kW", 08/19/2025 05:00:00 PM,"(UTC-07:00) Arizona",,,12031.89600999742,7444.102485133927,25793.328399341677,
FLG-NAUC-N_landtotalelecdemand_V2,"","North Campus",Gammage,"kW", 08/20/2025 05:00:00 AM,"(UTC-07:00) Arizona",,,21388.81299400904,7707.217963586829,29921.782387681684,
FLG-NAUC-N_landtotalelecdemand_V2,"","North Campus",Gammage,"kW", 08/20/2025 05:00:00 PM,"(UTC-07:00) Arizona",,,12317.610822967506,7867.986650516889,25992.451150892535,
FLG-NAUC-N_landtotalelecdemand_V2,"","North Campus",Gammage,"kW", 08/21/2025 05:00:00 AM,"(UTC-07:00) Arizona",,,20054.733563182723,7491.109563163684,27424.719125306863,
FLG-NAUC-N_landtotalelecdemand_V2,"","North Campus",Gammage,"kW", 08/21/2025 05:00:00 PM,"(UTC-07:00) Arizona",,,13198.890695930568,8080.381633728071,27725.704353226974,
FLG-NAUC-N_landtotalelecdemand_V2,"","North Campus",Gammage,"kW", 08/22/2025 05:00:00 AM,"(UTC-07:00) Arizona",,,20408.36608849747,8235.862061856846,28478.470086674224,
FLG-NAUC-N_landtotalelecdemand_V2,"","North Campus",Gammage,"kW", 08/22/2025 05:00:00 PM,"(UTC-07:00) Arizona",,,9237.570542146388,7839.259043848398,13794.353760657166,
FLG-NAUC-N_landtotalelecdemand_V2,"","North Campus",Gammage,"kW", 08/23/2025 05:00:00 AM,"(UTC-07:00) Arizona",,,8643.588924574444,7122.563663902432,12131.081019588793,
FLG-NAUC-N_landtotalelecdemand_V2,"","North Campus",Gammage,"kW", 08/23/2025 05:00:00 PM,"(UTC-07:00) Arizona",,,9080.771608901374,7827.913906753909,13260.834769695906,
FLG-NAUC-N_landtotalelecdemand_V2,"","North Campus",Gammage,"kW", 08/24/2025 05:00:00 AM,"(UTC-07:00) Arizona",,,10110.341404920033,6075.175076552966,25843.57475934529,
FLG-NAUC-N_landtotalelecdemand_V2,"","North Campus",Gammage,"kW", 08/24/2025 05:00:00 PM,"(UTC-07:00) Arizona",,,21132.13086063719,18909.047436795092,27617.10656133194,
FLG-NAUC-N_landtotalelecdemand_V2,"","North Campus",Gammage,"kW", 08/25/2025 05:00:00 AM,"(UTC-07:00) Arizona",,,23774.317230352277,17927.665868593453,28206.638906646334,
FLG-NAUC-N_landtotalelecdemand_V2,"","North Campus",Gammage,"kW", 08/25/2025 05:00:00 PM,"(UTC-07:00) Arizona",,,7907.7485443637515,1553.4541311683633,26352.620221053276,
FLG-NAUC-N_landtotalelecdemand_V2,"","North Campus",Gammage,"kW", 08/26/2025 05:00:00 AM,"(UTC-07:00) Arizona",,,4495.007080015234,1605.0993343222058,25438.66844235938,
FLG-NAUC-N_landtotalelecdemand_V2,"","North Campus",Gammage,"kW", 08/26/2025 05:00:00 PM,"(UTC-07:00) Arizona",,,13095.479551413133,7243.198274829805,26034.07632722533,
FLG-NAUC-N_landtotalelecdemand_V2,"","North Campus",Gammage,"kW", 08/27/2025 05:00:00 AM,"(UTC-07:00) Arizona",,,21379.204873876133,14571.307737701807,30101.80350671735,
FLG-NAUC-N_landtotalelecdemand_V2,"","North Campus",Gammage,"kW", 08/27/2025 05:00:00 PM,"(UTC-07:00) Arizona",,,13363.849843855098,8517.328067506396,29695.56469585309,
FLG-NAUC-N_landtotalelecdemand_V2,"","North Campus",Gammage,"kW", 08/28/2025 05:00:00 AM,"(UTC-07:00) Arizona",,,22041.5911732914,16597.7916173285,26704.110976527085,
FLG-NAUC-N_landtotalelecdemand_V2,"","North Campus",Gammage,"kW", 08/28/2025 05:00:00 PM,"(UTC-07:00) Arizona",,,12024.209585120521,7619.291560799944,24801.942489112807,
FLG-NAUC-N_landtotalelecdemand_V2,"","North Campus",Gammage,"kW", 08/29/2025 05:00:00 AM,"(UTC-07:00) Arizona",,,22493.45350041539,16116.708428684744,30593.670270278173,
FLG-NAUC-N_landtotalelecdemand_V2,"","North Campus",Gammage,"kW", 08/29/2025 05:00:00 PM,"(UTC-07:00) Arizona",,,9086.148056379814,7697.860751787178,13384.11224226248,
FLG-NAUC-N_landtotalelecdemand_V2,"","North Campus",Gammage,"kW", 08/30/2025 05:00:00 AM,"(UTC-07:00) Arizona",,,7969.238542393513,6570.242239314869,12868.969587754236,
FLG-NAUC-N_landtotalelecdemand_V2,"","North Campus",Gammage,"kW", 08/30/2025 05:00:00 PM,"(UTC-07:00) Arizona",,,8962.307439961982,7723.80138581956,12914.70591151534,
FLG-NAUC-N_landtotalelecdemand_V2,"","North Campus",Gammage,"kW", 08/31/2025 05:00:00 AM,"(UTC-07:00) Arizona",,,8019.311182219465,6407.507544895223,11599.56454760484,
FLG-NAUC-N_landtotalelecdemand_V2,"","North Campus",Gammage,"kW", 08/31/2025 05:00:00 PM,"(UTC-07:00) Arizona",,,9180.558313306236,7792.059225793448,13523.887471331085,
FLG-NAUC-N_landtotalelecdemand_V2,"","North Campus",Gammage,"kW", 09/01/2025 05:00:00 AM,"(UTC-07:00) Arizona",,,18184.425378334407,7733.0613668030655,23235.800225789768,
FLG-NAUC-N_landtotalelecdemand_V2,"","North Campus",Gammage,"kW", 09/01/2025 05:00:00 PM,"(UTC-07:00) Arizona",,,12684.44154841427,7689.015566882168,25892.029593644915,
FLG-NAUC-N_landtotalelecdemand_V2,"","North Campus",Gammage,"kW", 09/02/2025 05:00:00 AM,"(UTC-07:00) Arizona",,,17492.143726820443,2611.5275538078326,27564.14381273407,
FLG-NAUC-N_landtotalelecdemand_V2,"","North Campus",Gammage,"kW", 09/02/2025 05:00:00 PM,"(UTC-07:00) Arizona",,,2108.4163468732977,1785.5516598321562,2618.657044693714,
FLG-NAUC-N_landtotalelecdemand_V2,"","North Campus",Gammage,"kW", 09/03/2025 05:00:00 AM,"(UTC-07:00) Arizona",,,5587.740377711899,1911.6207176865012,26749.385001070645,
FLG-NAUC-N_landtotalelecdemand_V2,"","North Campus",Gammage,"kW", 09/03/2025 05:00:00 PM,"(UTC-07:00) Arizona",,,12973.584315774007,7665.418656248329,29595.2743388981,
FLG-NAUC-N_landtotalelecdemand_V2,"","North Campus",Gammage,"kW", 09/04/2025 05:00:00 AM,"(UTC-07:00) Arizona",,,20273.85081476665,7925.314087587357,28024.580963613334,
FLG-NAUC-N_landtotalelecdemand_V2,"","North Campus",Gammage,"kW", 09/04/2025 05:00:00 PM,"(UTC-07:00) Arizona",,,13069.522796013782,7374.510023223518,28269.64249441325,
FLG-NAUC-N_landtotalelecdemand_V2,"","North Campus",Gammage,"kW", 09/05/2025 05:00:00 AM,"(UTC-07:00) Arizona",,,19537.02255914201,7832.363175397989,25819.331031862635,
FLG-NAUC-N_landtotalelecdemand_V2,"","North Campus",Gammage,"kW", 09/05/2025 05:00:00 PM,"(UTC-07:00) Arizona",,,8632.000763697086,7338.753925641151,12397.517470543953,
FLG-NAUC-N_landtotalelecdemand_V2,"","North Campus",Gammage,"kW", 09/06/2025 05:00:00 AM,"(UTC-07:00) Arizona",,,7960.167327597715,6594.288690805805,12186.900973772214,
